Workbook

Sheet RESUMEN
A1: ID | B1: Event | C1: Est | D1: Year | E1: Month | F1: Day | G1: Hour | H1: Min | I1: Seg | J1: Lat Ev [°] | K1: Long Ev [°] | L1: Mag | M1: Depth [km] | N1: Lat Est [°] | O1: Long Est [°] | P1: Elevación [m] | Q1: Vs30 [m/s] | R1: F0 [Hz] | S1: str1 | T1: dip1 | U1: rake1 | V1: str2 | W1: dip2 | X1: rake2 | Y1: Repi [km] | Z1: Rhyp [km] | AA1: Rrup calc [km] | AB1: ID_name | AC1: ID_EST | AD1: ID_EV | AE1: tec_env | AF1: A0 | AG1: L [km] | AH1: W [km]
A2: 1 | B2: 2012-03-03T11-1-47_Mw_5,6 | C2: GO04 | D2: 2012 | E2: 3 | F2: 3 | G2: 11 | H2: 1 | I2: 47 | J2: -30.189 | K2: -71.448 | L2: 5.6 | M2: 34.6 | N2: -30.1727 | O2: -70.7993 | P2: 0 | Q2: 405 | R2: 1.64 | S2: 179 | T2: 23 | U2: 88 | V2: 1 | W2: 67 | X2: 91 | Y2: 62.502889 | Z2: 71.440683 | AA2: 98.935 | AB2: ID_1 | AC2: 1 | AD2: =_xlfn.XLOOKUP(B2,EVENTOS!B:B,EVENTOS!M:M,"--",0,1) -> 1 | AE2: 1 | AF2: =_xlfn.XLOOKUP(C2,ESTACIONES!B:B,ESTACIONES!N:N,0,0,1) -> 5.4872095 | AG2: =_xlfn.XLOOKUP(A2,'L y W'!A:A,'L y W'!B:B,0,0,1) -> 5.564165 | AH2: =_xlfn.XLOOKUP(A2,'L y W'!A:A,'L y W'!C:C,0,0,1) -> 5.8479008
A3: 10 | B3: 2012-04-01T7-31-36_Mw_5,2 | C3: PB06 | D3: 2012 | E3: 4 | F3: 1 | G3: 7 | H3: 31 | I3: 36 | J3: -23.056 | K3: -69.316 | L3: 5.2 | M3: 93.8 | N3: -22.7058 | O3: -69.57188 | P3: 0 | Q3: 736 | R3: 7.94 | S3: 260 | T3: 48 | U3: -18 | V3: 2 | W3: 77 | X3: -137 | Y3: 46.834151 | Z3: 104.84216 | AA3: 127.845 | AB3: ID_10 | AC3: 2 | AD3: =_xlfn.XLOOKUP(B3,EVENTOS!B:B,EVENTOS!M:M,"--",0,1) -> 2 | AE3: 2 | AF3: =_xlfn.XLOOKUP(C3,ESTACIONES!B:B,ESTACIONES!N:N,0,0,1) -> 1.793958 | AG3: =_xlfn.XLOOKUP(A3,'L y W'!A:A,'L y W'!B:B,0,0,1) -> 0 | AH3: =_xlfn.XLOOKUP(A3,'L y W'!A:A,'L y W'!C:C,0,0,1) -> 0
A4: 100 | B4: 2014-03-16T21-16-29_Mw_6,7 | C4: T03A | D4: 2014 | E4: 3 | F4: 16 | G4: 21 | H4: 16 | I4: 29 | J4: -19.965 | K4: -70.814 | L4: 6.7 | M4: 20.6 | N4: -20.23034 | O4: -70.14592 | P4: 0 | Q4: 635 | R4: 7.01 | S4: 284 | T4: 26 | U4: 54 | V4: 144 | W4: 69 | X4: 106 | Y4: 75.793021 | Z4: 78.542613 | AA4: 64.116982 | AB4: ID_100 | AC4: 3 | AD4: =_xlfn.XLOOKUP(B4,EVENTOS!B:B,EVENTOS!M:M,"--",0,1) -> 3 | AE4: 1 | AF4: =_xlfn.XLOOKUP(C4,ESTACIONES!B:B,ESTACIONES!N:N,0,0,1) -> 6.1460543 | AG4: =_xlfn.XLOOKUP(A4,'L y W'!A:A,'L y W'!B:B,0,0,1) -> 26.351176 | AH4: =_xlfn.XLOOKUP(A4,'L y W'!A:A,'L y W'!C:C,0,0,1) -> 17.599487
A5: 1009 | B5: 2015-09-17T1-41-5_Mw_6,5 | C5: GO04 | D5: 2015 | E5: 9 | F5: 17 | G5: 1 | H5: 41 | I5: 5 | J5: -31.113 | K5: -71.651 | L5: 6.5 | M5: 49.5 | N5: -30.1727 | O5: -70.7993 | P5: 0 | Q5: 405 | R5: 1.64 | S5: -- | T5: -- | U5: -- | V5: -- | W5: -- | X5: -- | Y5: 132.40902 | Z5: 141.35911 | AA5: 127.96 | AB5: ID_1009 | AC5: 1 | AD5: =_xlfn.XLOOKUP(B5,EVENTOS!B:B,EVENTOS!M:M,"--",0,1) -> 4 | AE5: 1 | AF5: =_xlfn.XLOOKUP(C5,ESTACIONES!B:B,ESTACIONES!N:N,0,0,1) -> 5.4872095 | AG5: =_xlfn.XLOOKUP(A5,'L y W'!A:A,'L y W'!B:B,0,0,1) -> #N/A | AH5: =_xlfn.XLOOKUP(A5,'L y W'!A:A,'L y W'!C:C,0,0,1) -> #N/A
A6: 101 | B6: 2014-03-16T21-16-29_Mw_6,7 | C6: T06A | D6: 2014 | E6: 3 | F6: 16 | G6: 21 | H6: 16 | I6: 29 | J6: -19.965 | K6: -70.814 | L6: 6.7 | M6: 20.6 | N6: -20.2142 | O6: -70.13789 | P6: 0 | Q6: 276 | R6: 1.67 | S6: 284 | T6: 26 | U6: 54 | V6: 144 | W6: 69 | X6: 106 | Y6: 75.903698 | Z6: 78.649421 | AA6: 64.404747 | AB6: ID_101 | AC6: 4 | AD6: =_xlfn.XLOOKUP(B6,EVENTOS!B:B,EVENTOS!M:M,"--",0,1) -> 3 | AE6: 1 | AF6: =_xlfn.XLOOKUP(C6,ESTACIONES!B:B,ESTACIONES!N:N,0,0,1) -> 1.8913069 | AG6: =_xlfn.XLOOKUP(A6,'L y W'!A:A,'L y W'!B:B,0,0,1) -> 26.351176 | AH6: =_xlfn.XLOOKUP(A6,'L y W'!A:A,'L y W'!C:C,0,0,1) -> 17.599487
A7: 1017 | B7: 2015-09-17T10-12-53_Mw_5,3 | C7: C10O | D7: 2015 | E7: 9 | F7: 17 | G7: 10 | H7: 12 | I7: 53 | J7: -30.536 | K7: -71.632 | L7: 5.3 | M7: 29.7 | N7: -30.23387 | O7: -71.08159 | P7: 1032 | Q7: 517 | R7: 6.5 | S7: -- | T7: -- | U7: -- | V7: -- | W7: -- | X7: -- | Y7: 62.612441 | Z7: 69.747929 | AA7: 69.747929 | AB7: ID_1017 | AC7: 5 | AD7: =_xlfn.XLOOKUP(B7,EVENTOS!B:B,EVENTOS!M:M,"--",0,1) -> 5 | AE7: 1 | AF7: =_xlfn.XLOOKUP(C7,ESTACIONES!B:B,ESTACIONES!N:N,0,0,1) -> 2.3356473 | AG7: =_xlfn.XLOOKUP(A7,'L y W'!A:A,'L y W'!B:B,0,0,1) -> #N/A | AH7: =_xlfn.XLOOKUP(A7,'L y W'!A:A,'L y W'!C:C,0,0,1) -> #N/A
A8: 1018 | B8: 2015-09-17T10-31-25_Mw_5,0 | C8: C10O | D8: 2015 | E8: 9 | F8: 17 | G8: 10 | H8: 31 | I8: 25 | J8: -30.933 | K8: -71.459 | L8: 5 | M8: 51.1 | N8: -30.23387 | O8: -71.08159 | P8: 1032 | Q8: 517 | R8: 6.5 | S8: -- | T8: -- | U8: -- | V8: -- | W8: -- | X8: -- | Y8: 85.54396 | Z8: 100.17742 | AA8: 100.17742 | AB8: ID_1018 | AC8: 5 | AD8: =_xlfn.XLOOKUP(B8,EVENTOS!B:B,EVENTOS!M:M,"--",0,1) -> 6 | AE8: 2 | AF8: =_xlfn.XLOOKUP(C8,ESTACIONES!B:B,ESTACIONES!N:N,0,0,1) -> 2.3356473 | AG8: =_xlfn.XLOOKUP(A8,'L y W'!A:A,'L y W'!B:B,0,0,1) -> #N/A | AH8: =_xlfn.XLOOKUP(A8,'L y W'!A:A,'L y W'!C:C,0,0,1) -> #N/A
A9: 1019 | B9: 2015-09-17T10-31-25_Mw_5,0 | C9: C11O | D9: 2015 | E9: 9 | F9: 17 | G9: 10 | H9: 31 | I9: 25 | J9: -30.933 | K9: -71.459 | L9: 5 | M9: 51.1 | N9: -30.696472 | O9: -70.958889 | P9: 0 | Q9: 402 | R9: 3.22 | S9: -- | T9: -- | U9: -- | V9: -- | W9: -- | X9: -- | Y9: 54.568472 | Z9: 74.759134 | AA9: 74.759134 | AB9: ID_1019 | AC9: 6 | AD9: =_xlfn.XLOOKUP(B9,EVENTOS!B:B,EVENTOS!M:M,"--",0,1) -> 6 | AE9: 2 | AF9: =_xlfn.XLOOKUP(C9,ESTACIONES!B:B,ESTACIONES!N:N,0,0,1) -> 2.3463048 | AG9: =_xlfn.XLOOKUP(A9,'L y W'!A:A,'L y W'!B:B,0,0,1) -> #N/A | AH9: =_xlfn.XLOOKUP(A9,'L y W'!A:A,'L y W'!C:C,0,0,1) -> #N/A
A10: 102 | B10: 2014-03-16T21-16-29_Mw_6,7 | C10: T08A | D10: 2014 | E10: 3 | F10: 16 | G10: 21 | H10: 16 | I10: 29 | J10: -19.965 | K10: -70.814 | L10: 6.7 | M10: 20.6 | N10: -20.27016 | O10: -70.09414 | P10: 0 | Q10: 680 | R10: 14.35 | S10: 284 | T10: 26 | U10: 54 | V10: 144 | W10: 69 | X10: 106 | Y10: 82.508249 | Z10: 85.040997 | AA10: 70.450035 | AB10: ID_102 | AC10: 7 | AD10: =_xlfn.XLOOKUP(B10,EVENTOS!B:B,EVENTOS!M:M,"--",0,1) -> 3 | AE10: 1 | AF10: =_xlfn.XLOOKUP(C10,ESTACIONES!B:B,ESTACIONES!N:N,0,0,1) -> 1.8458396 | AG10: =_xlfn.XLOOKUP(A10,'L y W'!A:A,'L y W'!B:B,0,0,1) -> 26.351176 | AH10: =_xlfn.XLOOKUP(A10,'L y W'!A:A,'L y W'!C:C,0,0,1) -> 17.599487
A11: 1021 | B11: 2015-09-17T10-31-25_Mw_5,0 | C11: C23O | D11: 2015 | E11: 9 | F11: 17 | G11: 10 | H11: 31 | I11: 25 | J11: -30.933 | K11: -71.459 | L11: 5 | M11: 51.1 | N11: -31.783711 | O11: -70.969739 | P11: 458 | Q11: 751 | R11: 2.1 | S11: -- | T11: -- | U11: -- | V11: -- | W11: -- | X11: -- | Y11: 105.18436 | Z11: 117.14084 | AA11: 117.14084 | AB11: ID_1021 | AC11: 8 | AD11: =_xlfn.XLOOKUP(B11,EVENTOS!B:B,EVENTOS!M:M,"--",0,1) -> 6 | AE11: 2 | AF11: =_xlfn.XLOOKUP(C11,ESTACIONES!B:B,ESTACIONES!N:N,0,0,1) -> 4.6375108 | AG11: =_xlfn.XLOOKUP(A11,'L y W'!A:A,'L y W'!B:B,0,0,1) -> #N/A | AH11: =_xlfn.XLOOKUP(A11,'L y W'!A:A,'L y W'!C:C,0,0,1) -> #N/A
A12: 1022 | B12: 2015-09-17T10-31-25_Mw_5,0 | C12: C26O | D12: 2015 | E12: 9 | F12: 17 | G12: 10 | H12: 31 | I12: 25 | J12: -30.933 | K12: -71.459 | L12: 5 | M12: 51.1 | N12: -30.25898 | O12: -71.49046 | P12: 10 | Q12: 364 | R12: 1.87 | S12: -- | T12: -- | U12: -- | V12: -- | W12: -- | X12: -- | Y12: 74.784465 | Z12: 90.58117 | AA12: 90.58117 | AB12: ID_1022 | AC12: 9 | AD12: =_xlfn.XLOOKUP(B12,EVENTOS!B:B,EVENTOS!M:M,"--",0,1) -> 6 | AE12: 2 | AF12: =_xlfn.XLOOKUP(C12,ESTACIONES!B:B,ESTACIONES!N:N,0,0,1) -> 4.3052866 | AG12: =_xlfn.XLOOKUP(A12,'L y W'!A:A,'L y W'!B:B,0,0,1) -> #N/A | AH12: =_xlfn.XLOOKUP(A12,'L y W'!A:A,'L y W'!C:C,0,0,1) -> #N/A
A13: 1023 | B13: 2015-09-17T10-31-25_Mw_5,0 | C13: C32O | D13: 2015 | E13: 9 | F13: 17 | G13: 10 | H13: 31 | I13: 25 | J13: -30.933 | K13: -71.459 | L13: 5 | M13: 51.1 | N13: -30.854861 | O13: -70.707333 | P13: 903 | Q13: 578 | R13: 6.51 | S13: -- | T13: -- | U13: -- | V13: -- | W13: -- | X13: -- | Y13: 72.38685 | Z13: 89.130062 | AA13: 89.130062 | AB13: ID_1023 | AC13: 10 | AD13: =_xlfn.XLOOKUP(B13,EVENTOS!B:B,EVENTOS!M:M,"--",0,1) -> 6 | AE13: 2 | AF13: =_xlfn.XLOOKUP(C13,ESTACIONES!B:B,ESTACIONES!N:N,0,0,1) -> 2.2846909 | AG13: =_xlfn.XLOOKUP(A13,'L y W'!A:A,'L y W'!B:B,0,0,1) -> #N/A | AH13: =_xlfn.XLOOKUP(A13,'L y W'!A:A,'L y W'!C:C,0,0,1) -> #N/A
A14: 1025 | B14: 2015-09-17T12-58-8_Mw_4,9 | C14: C11O | D14: 2015 | E14: 9 | F14: 17 | G14: 12 | H14: 58 | I14: 8 | J14: -30.694 | K14: -71.559 | L14: 4.9 | M14: 31.9 | N14: -30.696472 | O14: -70.958889 | P14: 0 | Q14: 402 | R14: 3.22 | S14: -- | T14: -- | U14: -- | V14: -- | W14: -- | X14: -- | Y14: 57.495205 | Z14: 65.751871 | AA14: 65.751871 | AB14: ID_1025 | AC14: 6 | AD14: =_xlfn.XLOOKUP(B14,EVENTOS!B:B,EVENTOS!M:M,"--",0,1) -> 7 | AE14: 1 | AF14: =_xlfn.XLOOKUP(C14,ESTACIONES!B:B,ESTACIONES!N:N,0,0,1) -> 2.3463048 | AG14: =_xlfn.XLOOKUP(A14,'L y W'!A:A,'L y W'!B:B,0,0,1) -> #N/A | AH14: =_xlfn.XLOOKUP(A14,'L y W'!A:A,'L y W'!C:C,0,0,1) -> #N/A
A15: 1026 | B15: 2015-09-17T12-58-8_Mw_4,9 | C15: C26O | D15: 2015 | E15: 9 | F15: 17 | G15: 12 | H15: 58 | I15: 8 | J15: -30.694 | K15: -71.559 | L15: 4.9 | M15: 31.9 | N15: -30.25898 | O15: -71.49046 | P15: 10 | Q15: 364 | R15: 1.87 | S15: -- | T15: -- | U15: -- | V15: -- | W15: -- | X15: -- | Y15: 48.673535 | Z15: 58.20104 | AA15: 58.20104 | AB15: ID_1026 | AC15: 9 | AD15: =_xlfn.XLOOKUP(B15,EVENTOS!B:B,EVENTOS!M:M,"--",0,1) -> 7 | AE15: 1 | AF15: =_xlfn.XLOOKUP(C15,ESTACIONES!B:B,ESTACIONES!N:N,0,0,1) -> 4.3052866 | AG15: =_xlfn.XLOOKUP(A15,'L y W'!A:A,'L y W'!B:B,0,0,1) -> #N/A | AH15: =_xlfn.XLOOKUP(A15,'L y W'!A:A,'L y W'!C:C,0,0,1) -> #N/A
A16: 1027 | B16: 2015-09-17T13-32-26_Mw_6,0 | C16: C23O | D16: 2015 | E16: 9 | F16: 17 | G16: 13 | H16: 32 | I16: 26 | J16: -32.143 | K16: -72.173 | L16: 6 | M16: 33.6 | N16: -31.783711 | O16: -70.969739 | P16: 458 | Q16: 751 | R16: 2.1 | S16: 357 | T16: 22 | U16: 87 | V16: 181 | W16: 68 | X16: 91 | Y16: 120.51956 | Z16: 125.23942 | AA16: 120.38004 | AB16: ID_1027 | AC16: 8 | AD16: =_xlfn.XLOOKUP(B16,EVENTOS!B:B,EVENTOS!M:M,"--",0,1) -> 8 | AE16: 1 | AF16: =_xlfn.XLOOKUP(C16,ESTACIONES!B:B,ESTACIONES!N:N,0,0,1) -> 4.6375108 | AG16: =_xlfn.XLOOKUP(A16,'L y W'!A:A,'L y W'!B:B,0,0,1) -> 9.7948999 | AH16: =_xlfn.XLOOKUP(A16,'L y W'!A:A,'L y W'!C:C,0,0,1) -> 8.7297137
A17: 1028 | B17: 2015-09-17T13-32-26_Mw_6,0 | C17: R13M | D17: 2015 | E17: 9 | F17: 17 | G17: 13 | H17: 32 | I17: 26 | J17: -32.143 | K17: -72.173 | L17: 6 | M17: 33.6 | N17: -33.215583 | O17: -70.766861 | P17: 0 | Q17: 401 | R17: 1.31 | S17: 357 | T17: 22 | U17: 87 | V17: 181 | W17: 68 | X17: 91 | Y17: 177.5951 | Z17: 180.74562 | AA17: 175.42783 | AB17: ID_1028 | AC17: 11 | AD17: =_xlfn.XLOOKUP(B17,EVENTOS!B:B,EVENTOS!M:M,"--",0,1) -> 8 | AE17: 1 | AF17: =_xlfn.XLOOKUP(C17,ESTACIONES!B:B,ESTACIONES!N:N,0,0,1) -> 2.7481273 | AG17: =_xlfn.XLOOKUP(A17,'L y W'!A:A,'L y W'!B:B,0,0,1) -> 9.7948999 | AH17: =_xlfn.XLOOKUP(A17,'L y W'!A:A,'L y W'!C:C,0,0,1) -> 8.7297137
A18: 1029 | B18: 2015-09-17T13-32-26_Mw_6,0 | C18: V15A | D18: 2015 | E18: 9 | F18: 17 | G18: 13 | H18: 32 | I18: 26 | J18: -32.143 | K18: -72.173 | L18: 6 | M18: 33.6 | N18: -32.914889 | O18: -71.232592 | P18: 116 | Q18: 549 | R18: 5.72 | S18: 357 | T18: 22 | U18: 87 | V18: 181 | W18: 68 | X18: 91 | Y18: 123.01366 | Z18: 127.5505 | AA18: 122.13412 | AB18: ID_1029 | AC18: 12 | AD18: =_xlfn.XLOOKUP(B18,EVENTOS!B:B,EVENTOS!M:M,"--",0,1) -> 8 | AE18: 1 | AF18: =_xlfn.XLOOKUP(C18,ESTACIONES!B:B,ESTACIONES!N:N,0,0,1) -> 6.9467602 | AG18: =_xlfn.XLOOKUP(A18,'L y W'!A:A,'L y W'!B:B,0,0,1) -> 9.7948999 | AH18: =_xlfn.XLOOKUP(A18,'L y W'!A:A,'L y W'!C:C,0,0,1) -> 8.7297137
A19: 103 | B19: 2014-03-16T21-16-29_Mw_6,7 | C19: T09A | D19: 2014 | E19: 3 | F19: 16 | G19: 21 | H19: 16 | I19: 29 | J19: -19.965 | K19: -70.814 | L19: 6.7 | M19: 20.6 | N19: -19.59571 | O19: -70.21078 | P19: 0 | Q19: 826 | R19: 25 | S19: 284 | T19: 26 | U19: 54 | V19: 144 | W19: 69 | X19: 106 | Y19: 75.27966 | Z19: 78.04734 | AA19: 65.341026 | AB19: ID_103 | AC19: 13 | AD19: =_xlfn.XLOOKUP(B19,EVENTOS!B:B,EVENTOS!M:M,"--",0,1) -> 3 | AE19: 1 | AF19: =_xlfn.XLOOKUP(C19,ESTACIONES!B:B,ESTACIONES!N:N,0,0,1) -> 3.024097 | AG19: =_xlfn.XLOOKUP(A19,'L y W'!A:A,'L y W'!B:B,0,0,1) -> 26.351176 | AH19: =_xlfn.XLOOKUP(A19,'L y W'!A:A,'L y W'!C:C,0,0,1) -> 17.599487
A20: 1032 | B20: 2015-09-17T16-46-23_Mw_5,0 | C20: C11O | D20: 2015 | E20: 9 | F20: 17 | G20: 16 | H20: 46 | I20: 23 | J20: -31.504 | K20: -71.737 | L20: 5 | M20: 41.8 | N20: -30.696472 | O20: -70.958889 | P20: 0 | Q20: 402 | R20: 3.22 | S20: -- | T20: -- | U20: -- | V20: -- | W20: -- | X20: -- | Y20: 116.30365 | Z20: 123.58713 | AA20: 123.58713 | AB20: ID_1032 | AC20: 6 | AD20: =_xlfn.XLOOKUP(B20,EVENTOS!B:B,EVENTOS!M:M,"--",0,1) -> 9 | AE20: 1 | AF20: =_xlfn.XLOOKUP(C20,ESTACIONES!B:B,ESTACIONES!N:N,0,0,1) -> 2.3463048 | AG20: =_xlfn.XLOOKUP(A20,'L y W'!A:A,'L y W'!B:B,0,0,1) -> #N/A | AH20: =_xlfn.XLOOKUP(A20,'L y W'!A:A,'L y W'!C:C,0,0,1) -> #N/A
A21: 1033 | B21: 2015-09-17T16-46-23_Mw_5,0 | C21: C23O | D21: 2015 | E21: 9 | F21: 17 | G21: 16 | H21: 46 | I21: 23 | J21: -31.504 | K21: -71.737 | L21: 5 | M21: 41.8 | N21: -31.783711 | O21: -70.969739 | P21: 458 | Q21: 751 | R21: 2.1 | S21: -- | T21: -- | U21: -- | V21: -- | W21: -- | X21: -- | Y21: 79.112245 | Z21: 89.691058 | AA21: 89.691058 | AB21: ID_1033 | AC21: 8 | AD21: =_xlfn.XLOOKUP(B21,EVENTOS!B:B,EVENTOS!M:M,"--",0,1) -> 9 | AE21: 1 | AF21: =_xlfn.XLOOKUP(C21,ESTACIONES!B:B,ESTACIONES!N:N,0,0,1) -> 4.6375108 | AG21: =_xlfn.XLOOKUP(A21,'L y W'!A:A,'L y W'!B:B,0,0,1) -> #N/A | AH21: =_xlfn.XLOOKUP(A21,'L y W'!A:A,'L y W'!C:C,0,0,1) -> #N/A
A22: 1034 | B22: 2015-09-17T16-52-20_Mw_5,3 | C22: C26O | D22: 2015 | E22: 9 | F22: 17 | G22: 16 | H22: 52 | I22: 20 | J22: -29.935 | K22: -71.961 | L22: 5.3 | M22: 30 | N22: -30.25898 | O22: -71.49046 | P22: 10 | Q22: 364 | R22: 1.87 | S22: -- | T22: -- | U22: -- | V22: -- | W22: -- | X22: -- | Y22: 57.853647 | Z22: 65.173956 | AA22: 65.173956 | AB22: ID_1034 | AC22: 9 | AD22: =_xlfn.XLOOKUP(B22,EVENTOS!B:B,EVENTOS!M:M,"--",0,1) -> 10 | AE22: 1 | AF22: =_xlfn.XLOOKUP(C22,ESTACIONES!B:B,ESTACIONES!N:N,0,0,1) -> 4.3052866 | AG22: =_xlfn.XLOOKUP(A22,'L y W'!A:A,'L y W'!B:B,0,0,1) -> #N/A | AH22: =_xlfn.XLOOKUP(A22,'L y W'!A:A,'L y W'!C:C,0,0,1) -> #N/A
A23: 1035 | B23: 2015-09-17T16-8-9_Mw_5,3 | C23: C10O | D23: 2015 | E23: 9 | F23: 17 | G23: 16 | H23: 8 | I23: 9 | J23: -29.854 | K23: -70.485 | L23: 5.3 | M23: 39.2 | N23: -30.23387 | O23: -71.08159 | P23: 1032 | Q23: 517 | R23: 6.5 | S23: -- | T23: -- | U23: -- | V23: -- | W23: -- | X23: -- | Y23: 71.300443 | Z23: 81.867985 | AA23: 81.867985 | AB23: ID_1035 | AC23: 5 | AD23: =_xlfn.XLOOKUP(B23,EVENTOS!B:B,EVENTOS!M:M,"--",0,1) -> 11 | AE23: 1 | AF23: =_xlfn.XLOOKUP(C23,ESTACIONES!B:B,ESTACIONES!N:N,0,0,1) -> 2.3356473 | AG23: =_xlfn.XLOOKUP(A23,'L y W'!A:A,'L y W'!B:B,0,0,1) -> #N/A | AH23: =_xlfn.XLOOKUP(A23,'L y W'!A:A,'L y W'!C:C,0,0,1) -> #N/A
A24: 1038 | B24: 2015-09-17T16-8-9_Mw_5,3 | C24: C23O | D24: 2015 | E24: 9 | F24: 17 | G24: 16 | H24: 8 | I24: 9 | J24: -29.854 | K24: -70.485 | L24: 5.3 | M24: 39.2 | N24: -31.783711 | O24: -70.969739 | P24: 458 | Q24: 751 | R24: 2.1 | S24: -- | T24: -- | U24: -- | V24: -- | W24: -- | X24: -- | Y24: 218.9092 | Z24: 222.47245 | AA24: 222.47245 | AB24: ID_1038 | AC24: 8 | AD24: =_xlfn.XLOOKUP(B24,EVENTOS!B:B,EVENTOS!M:M,"--",0,1) -> 11 | AE24: 1 | AF24: =_xlfn.XLOOKUP(C24,ESTACIONES!B:B,ESTACIONES!N:N,0,0,1) -> 4.6375108 | AG24: =_xlfn.XLOOKUP(A24,'L y W'!A:A,'L y W'!B:B,0,0,1) -> #N/A | AH24: =_xlfn.XLOOKUP(A24,'L y W'!A:A,'L y W'!C:C,0,0,1) -> #N/A
A25: 104 | B25: 2014-03-16T21-16-29_Mw_6,7 | C25: T13A | D25: 2014 | E25: 3 | F25: 16 | G25: 21 | H25: 16 | I25: 29 | J25: -19.965 | K25: -70.814 | L25: 6.7 | M25: 20.6 | N25: -20.496328 | O25: -69.33747 | P25: 0 | Q25: 357 | R25: 2.08 | S25: 284 | T25: 26 | U25: 54 | V25: 144 | W25: 69 | X25: 106 | Y25: 165.11957 | Z25: 166.39962 | AA25: 152.39635 | AB25: ID_104 | AC25: 14 | AD25: =_xlfn.XLOOKUP(B25,EVENTOS!B:B,EVENTOS!M:M,"--",0,1) -> 3 | AE25: 1 | AF25: =_xlfn.XLOOKUP(C25,ESTACIONES!B:B,ESTACIONES!N:N,0,0,1) -> 2.8487109 | AG25: =_xlfn.XLOOKUP(A25,'L y W'!A:A,'L y W'!B:B,0,0,1) -> 26.351176 | AH25: =_xlfn.XLOOKUP(A25,'L y W'!A:A,'L y W'!C:C,0,0,1) -> 17.599487
A26: 1040 | B26: 2015-09-17T17-32-20_Mw_4,8 | C26: C11O | D26: 2015 | E26: 9 | F26: 17 | G26: 17 | H26: 32 | I26: 20 | J26: -30.684 | K26: -71.614 | L26: 4.8 | M26: 33.3 | N26: -30.696472 | O26: -70.958889 | P26: 0 | Q26: 402 | R26: 3.22 | S26: -- | T26: -- | U26: -- | V26: -- | W26: -- | X26: -- | Y26: 62.782359 | Z26: 71.066973 | AA26: 71.066973 | AB26: ID_1040 | AC26: 6 | AD26: =_xlfn.XLOOKUP(B26,EVENTOS!B:B,EVENTOS!M:M,"--",0,1) -> 12 | AE26: 1 | AF26: =_xlfn.XLOOKUP(C26,ESTACIONES!B:B,ESTACIONES!N:N,0,0,1) -> 2.3463048 | AG26: =_xlfn.XLOOKUP(A26,'L y W'!A:A,'L y W'!B:B,0,0,1) -> #N/A | AH26: =_xlfn.XLOOKUP(A26,'L y W'!A:A,'L y W'!C:C,0,0,1) -> #N/A
A27: 1043 | B27: 2015-09-17T2-44-26_Mw_4,8 | C27: C23O | D27: 2015 | E27: 9 | F27: 17 | G27: 2 | H27: 44 | I27: 26 | J27: -31.239 | K27: -71.773 | L27: 4.8 | M27: 33.3 | N27: -31.783711 | O27: -70.969739 | P27: 458 | Q27: 751 | R27: 2.1 | S27: -- | T27: -- | U27: -- | V27: -- | W27: -- | X27: -- | Y27: 97.312358 | Z27: 103.00144 | AA27: 103.00144 | AB27: ID_1043 | AC27: 8 | AD27: =_xlfn.XLOOKUP(B27,EVENTOS!B:B,EVENTOS!M:M,"--",0,1) -> 13 | AE27: 1 | AF27: =_xlfn.XLOOKUP(C27,ESTACIONES!B:B,ESTACIONES!N:N,0,0,1) -> 4.6375108 | AG27: =_xlfn.XLOOKUP(A27,'L y W'!A:A,'L y W'!B:B,0,0,1) -> #N/A | AH27: =_xlfn.XLOOKUP(A27,'L y W'!A:A,'L y W'!C:C,0,0,1) -> #N/A
A28: 1044 | B28: 2015-09-17T2-52-43_Mw_4,8 | C28: C11O | D28: 2015 | E28: 9 | F28: 17 | G28: 2 | H28: 52 | I28: 43 | J28: -30.92 | K28: -71.35 | L28: 4.8 | M28: 44.7 | N28: -30.696472 | O28: -70.958889 | P28: 0 | Q28: 402 | R28: 3.22 | S28: -- | T28: -- | U28: -- | V28: -- | W28: -- | X28: -- | Y28: 44.887977 | Z28: 63.348405 | AA28: 63.348405 | AB28: ID_1044 | AC28: 6 | AD28: =_xlfn.XLOOKUP(B28,EVENTOS!B:B,EVENTOS!M:M,"--",0,1) -> 14 | AE28: 1 | AF28: =_xlfn.XLOOKUP(C28,ESTACIONES!B:B,ESTACIONES!N:N,0,0,1) -> 2.3463048 | AG28: =_xlfn.XLOOKUP(A28,'L y W'!A:A,'L y W'!B:B,0,0,1) -> #N/A | AH28: =_xlfn.XLOOKUP(A28,'L y W'!A:A,'L y W'!C:C,0,0,1) -> #N/A
A29: 1046 | B29: 2015-09-17T2-59-28_Mw_5,5 | C29: C10O | D29: 2015 | E29: 9 | F29: 17 | G29: 2 | H29: 59 | I29: 28 | J29: -30.98 | K29: -71.364 | L29: 5.5 | M29: 53.7 | N29: -30.23387 | O29: -71.08159 | P29: 1032 | Q29: 517 | R29: 6.5 | S29: -- | T29: -- | U29: -- | V29: -- | W29: -- | X29: -- | Y29: 87.038201 | Z29: 102.81654 | AA29: 102.81654 | AB29: ID_1046 | AC29: 5 | AD29: =_xlfn.XLOOKUP(B29,EVENTOS!B:B,EVENTOS!M:M,"--",0,1) -> 15 | AE29: 2 | AF29: =_xlfn.XLOOKUP(C29,ESTACIONES!B:B,ESTACIONES!N:N,0,0,1) -> 2.3356473 | AG29: =_xlfn.XLOOKUP(A29,'L y W'!A:A,'L y W'!B:B,0,0,1) -> #N/A | AH29: =_xlfn.XLOOKUP(A29,'L y W'!A:A,'L y W'!C:C,0,0,1) -> #N/A
A30: 1047 | B30: 2015-09-17T2-59-28_Mw_5,5 | C30: C11O | D30: 2015 | E30: 9 | F30: 17 | G30: 2 | H30: 59 | I30: 28 | J30: -30.98 | K30: -71.364 | L30: 5.5 | M30: 53.7 | N30: -30.696472 | O30: -70.958889 | P30: 0 | Q30: 402 | R30: 3.22 | S30: -- | T30: -- | U30: -- | V30: -- | W30: -- | X30: -- | Y30: 49.900153 | Z30: 73.305629 | AA30: 73.305629 | AB30: ID_1047 | AC30: 6 | AD30: =_xlfn.XLOOKUP(B30,EVENTOS!B:B,EVENTOS!M:M,"--",0,1) -> 15 | AE30: 2 | AF30: =_xlfn.XLOOKUP(C30,ESTACIONES!B:B,ESTACIONES!N:N,0,0,1) -> 2.3463048 | AG30: =_xlfn.XLOOKUP(A30,'L y W'!A:A,'L y W'!B:B,0,0,1) -> #N/A | AH30: =_xlfn.XLOOKUP(A30,'L y W'!A:A,'L y W'!C:C,0,0,1) -> #N/A
A31: 105 | B31: 2014-03-17T11-12-17_Mw_5,1 | C31: T07A | D31: 2014 | E31: 3 | F31: 17 | G31: 11 | H31: 12 | I31: 17 | J31: -19.912 | K31: -70.908 | L31: 5.1 | M31: 32.9 | N31: -20.25627 | O31: -69.78601 | P31: 0 | Q31: 344 | R31: 2.47 | S31: 348 | T31: 25 | U31: 89 | V31: 169 | W31: 65 | X31: 90 | Y31: 123.38391 | Z31: 127.69495 | AA31: 133.71 | AB31: ID_105 | AC31: 15 | AD31: =_xlfn.XLOOKUP(B31,EVENTOS!B:B,EVENTOS!M:M,"--",0,1) -> 16 | AE31: 1 | AF31: =_xlfn.XLOOKUP(C31,ESTACIONES!B:B,ESTACIONES!N:N,0,0,1) -> 4.7744006 | AG31: =_xlfn.XLOOKUP(A31,'L y W'!A:A,'L y W'!B:B,0,0,1) -> 0 | AH31: =_xlfn.XLOOKUP(A31,'L y W'!A:A,'L y W'!C:C,0,0,1) -> 0
A32: 1051 | B32: 2015-09-17T2-59-28_Mw_5,5 | C32: C26O | D32: 2015 | E32: 9 | F32: 17 | G32: 2 | H32: 59 | I32: 28 | J32: -30.98 | K32: -71.364 | L32: 5.5 | M32: 53.7 | N32: -30.25898 | O32: -71.49046 | P32: 10 | Q32: 364 | R32: 1.87 | S32: -- | T32: -- | U32: -- | V32: -- | W32: -- | X32: -- | Y32: 80.848779 | Z32: 97.063326 | AA32: 97.063326 | AB32: ID_1051 | AC32: 9 | AD32: =_xlfn.XLOOKUP(B32,EVENTOS!B:B,EVENTOS!M:M,"--",0,1) -> 15 | AE32: 2 | AF32: =_xlfn.XLOOKUP(C32,ESTACIONES!B:B,ESTACIONES!N:N,0,0,1) -> 4.3052866 | AG32: =_xlfn.XLOOKUP(A32,'L y W'!A:A,'L y W'!B:B,0,0,1) -> #N/A | AH32: =_xlfn.XLOOKUP(A32,'L y W'!A:A,'L y W'!C:C,0,0,1) -> #N/A
A33: 1052 | B33: 2015-09-17T2-59-28_Mw_5,5 | C33: C32O | D33: 2015 | E33: 9 | F33: 17 | G33: 2 | H33: 59 | I33: 28 | J33: -30.98 | K33: -71.364 | L33: 5.5 | M33: 53.7 | N33: -30.854861 | O33: -70.707333 | P33: 903 | Q33: 578 | R33: 6.51 | S33: -- | T33: -- | U33: -- | V33: -- | W33: -- | X33: -- | Y33: 64.28337 | Z33: 84.343579 | AA33: 84.343579 | AB33: ID_1052 | AC33: 10 | AD33: =_xlfn.XLOOKUP(B33,EVENTOS!B:B,EVENTOS!M:M,"--",0,1) -> 15 | AE33: 2 | AF33: =_xlfn.XLOOKUP(C33,ESTACIONES!B:B,ESTACIONES!N:N,0,0,1) -> 2.2846909 | AG33: =_xlfn.XLOOKUP(A33,'L y W'!A:A,'L y W'!B:B,0,0,1) -> #N/A | AH33: =_xlfn.XLOOKUP(A33,'L y W'!A:A,'L y W'!C:C,0,0,1) -> #N/A
A34: 1053 | B34: 2015-09-17T20-40-34_Mw_5,5 | C34: C01O | D34: 2015 | E34: 9 | F34: 17 | G34: 20 | H34: 40 | I34: 34 | J34: -30.036 | K34: -71.671 | L34: 5.5 | M34: 32.7 | N34: -29.87719 | O34: -71.23787 | P34: 0 | Q34: 399 | R34: 1.18 | S34: 357 | T34: 30 | U34: 103 | V34: 162 | W34: 61 | X34: 82 | Y34: 45.364357 | Z34: 55.921506 | AA34: 55.897449 | AB34: ID_1053 | AC34: 16 | AD34: =_xlfn.XLOOKUP(B34,EVENTOS!B:B,EVENTOS!M:M,"--",0,1) -> 17 | AE34: 1 | AF34: =_xlfn.XLOOKUP(C34,ESTACIONES!B:B,ESTACIONES!N:N,0,0,1) -> 2.8226613 | AG34: =_xlfn.XLOOKUP(A34,'L y W'!A:A,'L y W'!B:B,0,0,1) -> 0 | AH34: =_xlfn.XLOOKUP(A34,'L y W'!A:A,'L y W'!C:C,0,0,1) -> 0
A35: 1054 | B35: 2015-09-17T20-40-34_Mw_5,5 | C35: C10O | D35: 2015 | E35: 9 | F35: 17 | G35: 20 | H35: 40 | I35: 34 | J35: -30.036 | K35: -71.671 | L35: 5.5 | M35: 32.7 | N35: -30.23387 | O35: -71.08159 | P35: 1032 | Q35: 517 | R35: 6.5 | S35: 357 | T35: 30 | U35: 103 | V35: 162 | W35: 61 | X35: 82 | Y35: 60.881479 | Z35: 69.601741 | AA35: 69.155167 | AB35: ID_1054 | AC35: 5 | AD35: =_xlfn.XLOOKUP(B35,EVENTOS!B:B,EVENTOS!M:M,"--",0,1) -> 17 | AE35: 1 | AF35: =_xlfn.XLOOKUP(C35,ESTACIONES!B:B,ESTACIONES!N:N,0,0,1) -> 2.3356473 | AG35: =_xlfn.XLOOKUP(A35,'L y W'!A:A,'L y W'!B:B,0,0,1) -> 0 | AH35: =_xlfn.XLOOKUP(A35,'L y W'!A:A,'L y W'!C:C,0,0,1) -> 0
A36: 1055 | B36: 2015-09-17T20-40-34_Mw_5,5 | C36: C11O | D36: 2015 | E36: 9 | F36: 17 | G36: 20 | H36: 40 | I36: 34 | J36: -30.036 | K36: -71.671 | L36: 5.5 | M36: 32.7 | N36: -30.696472 | O36: -70.958889 | P36: 0 | Q36: 402 | R36: 3.22 | S36: 357 | T36: 30 | U36: 103 | V36: 162 | W36: 61 | X36: 82 | Y36: 100.23486 | Z36: 105.43394 | AA36: 105.58099 | AB36: ID_1055 | AC36: 6 | AD36: =_xlfn.XLOOKUP(B36,EVENTOS!B:B,EVENTOS!M:M,"--",0,1) -> 17 | AE36: 1 | AF36: =_xlfn.XLOOKUP(C36,ESTACIONES!B:B,ESTACIONES!N:N,0,0,1) -> 2.3463048 | AG36: =_xlfn.XLOOKUP(A36,'L y W'!A:A,'L y W'!B:B,0,0,1) -> 0 | AH36: =_xlfn.XLOOKUP(A36,'L y W'!A:A,'L y W'!C:C,0,0,1) -> 0
A37: 1058 | B37: 2015-09-17T20-40-34_Mw_5,5 | C37: C20O | D37: 2015 | E37: 9 | F37: 17 | G37: 20 | H37: 40 | I37: 34 | J37: -30.036 | K37: -71.671 | L37: 5.5 | M37: 32.7 | N37: -29.96818 | O37: -71.33736 | P37: 52 | Q37: 1106 | R37: 1.24 | S37: 357 | T37: 30 | U37: 103 | V37: 162 | W37: 61 | X37: 82 | Y37: 33.057232 | Z37: 46.534655 | AA37: 46.49123 | AB37: ID_1058 | AC37: 17 | AD37: =_xlfn.XLOOKUP(B37,EVENTOS!B:B,EVENTOS!M:M,"--",0,1) -> 17 | AE37: 1 | AF37: =_xlfn.XLOOKUP(C37,ESTACIONES!B:B,ESTACIONES!N:N,0,0,1) -> 4.0819377 | AG37: =_xlfn.XLOOKUP(A37,'L y W'!A:A,'L y W'!B:B,0,0,1) -> 0 | AH37: =_xlfn.XLOOKUP(A37,'L y W'!A:A,'L y W'!C:C,0,0,1) -> 0
A38: 1059 | B38: 2015-09-17T20-40-34_Mw_5,5 | C38: C22O | D38: 2015 | E38: 9 | F38: 17 | G38: 20 | H38: 40 | I38: 34 | J38: -30.036 | K38: -71.671 | L38: 5.5 | M38: 32.7 | N38: -29.96551 | O38: -71.35111 | P38: 36 | Q38: 1228 | R38: 6.4838235 | S38: 357 | T38: 30 | U38: 103 | V38: 162 | W38: 61 | X38: 82 | Y38: 31.838517 | Z38: 45.665488 | AA38: 45.632629 | AB38: ID_1059 | AC38: 18 | AD38: =_xlfn.XLOOKUP(B38,EVENTOS!B:B,EVENTOS!M:M,"--",0,1) -> 17 | AE38: 1 | AF38: =_xlfn.XLOOKUP(C38,ESTACIONES!B:B,ESTACIONES!N:N,0,0,1) -> 1.6562574 | AG38: =_xlfn.XLOOKUP(A38,'L y W'!A:A,'L y W'!B:B,0,0,1) -> 0 | AH38: =_xlfn.XLOOKUP(A38,'L y W'!A:A,'L y W'!C:C,0,0,1) -> 0
A39: 1060 | B39: 2015-09-17T20-40-34_Mw_5,5 | C39: C26O | D39: 2015 | E39: 9 | F39: 17 | G39: 20 | H39: 40 | I39: 34 | J39: -30.036 | K39: -71.671 | L39: 5.5 | M39: 32.7 | N39: -30.25898 | O39: -71.49046 | P39: 10 | Q39: 364 | R39: 1.87 | S39: 357 | T39: 30 | U39: 103 | V39: 162 | W39: 61 | X39: 82 | Y39: 30.224906 | Z39: 44.536379 | AA39: 44.536133 | AB39: ID_1060 | AC39: 9 | AD39: =_xlfn.XLOOKUP(B39,EVENTOS!B:B,EVENTOS!M:M,"--",0,1) -> 17 | AE39: 1 | AF39: =_xlfn.XLOOKUP(C39,ESTACIONES!B:B,ESTACIONES!N:N,0,0,1) -> 4.3052866 | AG39: =_xlfn.XLOOKUP(A39,'L y W'!A:A,'L y W'!B:B,0,0,1) -> 0 | AH39: =_xlfn.XLOOKUP(A39,'L y W'!A:A,'L y W'!C:C,0,0,1) -> 0
A40: 1063 | B40: 2015-09-17T20-40-34_Mw_5,5 | C40: GO04 | D40: 2015 | E40: 9 | F40: 17 | G40: 20 | H40: 40 | I40: 34 | J40: -30.036 | K40: -71.671 | L40: 5.5 | M40: 32.7 | N40: -30.1727 | O40: -70.7993 | P40: 0 | Q40: 405 | R40: 1.64 | S40: 357 | T40: 30 | U40: 103 | V40: 162 | W40: 61 | X40: 82 | Y40: 85.374358 | Z40: 91.422486 | AA40: 91.477829 | AB40: ID_1063 | AC40: 1 | AD40: =_xlfn.XLOOKUP(B40,EVENTOS!B:B,EVENTOS!M:M,"--",0,1) -> 17 | AE40: 1 | AF40: =_xlfn.XLOOKUP(C40,ESTACIONES!B:B,ESTACIONES!N:N,0,0,1) -> 5.4872095 | AG40: =_xlfn.XLOOKUP(A40,'L y W'!A:A,'L y W'!B:B,0,0,1) -> 0 | AH40: =_xlfn.XLOOKUP(A40,'L y W'!A:A,'L y W'!C:C,0,0,1) -> 0
A41: 107 | B41: 2014-03-18T21-33-8_Mw_5,0 | C41: T07A | D41: 2014 | E41: 3 | F41: 18 | G41: 21 | H41: 33 | I41: 8 | J41: -20.025 | K41: -70.844 | L41: 5 | M41: 19.8 | N41: -20.25627 | O41: -69.78601 | P41: 0 | Q41: 344 | R41: 2.47 | S41: -- | T41: -- | U41: -- | V41: -- | W41: -- | X41: -- | Y41: 113.54096 | Z41: 115.25446 | AA41: 110.86 | AB41: ID_107 | AC41: 15 | AD41: =_xlfn.XLOOKUP(B41,EVENTOS!B:B,EVENTOS!M:M,"--",0,1) -> 18 | AE41: 1 | AF41: =_xlfn.XLOOKUP(C41,ESTACIONES!B:B,ESTACIONES!N:N,0,0,1) -> 4.7744006 | AG41: =_xlfn.XLOOKUP(A41,'L y W'!A:A,'L y W'!B:B,0,0,1) -> #N/A | AH41: =_xlfn.XLOOKUP(A41,'L y W'!A:A,'L y W'!C:C,0,0,1) -> #N/A
A42: 1072 | B42: 2015-09-17T3-12-42_Mw_5,4 | C42: C01O | D42: 2015 | E42: 9 | F42: 17 | G42: 3 | H42: 12 | I42: 42 | J42: -30.922 | K42: -71.264 | L42: 5.4 | M42: 47.1 | N42: -29.87719 | O42: -71.23787 | P42: 0 | Q42: 399 | R42: 1.18 | S42: -- | T42: -- | U42: -- | V42: -- | W42: -- | X42: -- | Y42: 115.85403 | Z42: 125.06225 | AA42: 125.06225 | AB42: ID_1072 | AC42: 16 | AD42: =_xlfn.XLOOKUP(B42,EVENTOS!B:B,EVENTOS!M:M,"--",0,1) -> 19 | AE42: 1 | AF42: =_xlfn.XLOOKUP(C42,ESTACIONES!B:B,ESTACIONES!N:N,0,0,1) -> 2.8226613 | AG42: =_xlfn.XLOOKUP(A42,'L y W'!A:A,'L y W'!B:B,0,0,1) -> #N/A | AH42: =_xlfn.XLOOKUP(A42,'L y W'!A:A,'L y W'!C:C,0,0,1) -> #N/A
A43: 1073 | B43: 2015-09-17T3-12-42_Mw_5,4 | C43: C09O | D43: 2015 | E43: 9 | F43: 17 | G43: 3 | H43: 12 | I43: 42 | J43: -30.922 | K43: -71.264 | L43: 5.4 | M43: 47.1 | N43: -29.51064 | O43: -71.20036 | P43: 0 | Q43: 576 | R43: 5.77 | S43: -- | T43: -- | U43: -- | V43: -- | W43: -- | X43: -- | Y43: 156.57781 | Z43: 163.50847 | AA43: 163.50847 | AB43: ID_1073 | AC43: 19 | AD43: =_xlfn.XLOOKUP(B43,EVENTOS!B:B,EVENTOS!M:M,"--",0,1) -> 19 | AE43: 1 | AF43: =_xlfn.XLOOKUP(C43,ESTACIONES!B:B,ESTACIONES!N:N,0,0,1) -> 3.0510065 | AG43: =_xlfn.XLOOKUP(A43,'L y W'!A:A,'L y W'!B:B,0,0,1) -> #N/A | AH43: =_xlfn.XLOOKUP(A43,'L y W'!A:A,'L y W'!C:C,0,0,1) -> #N/A
A44: 1074 | B44: 2015-09-17T3-12-42_Mw_5,4 | C44: C10O | D44: 2015 | E44: 9 | F44: 17 | G44: 3 | H44: 12 | I44: 42 | J44: -30.922 | K44: -71.264 | L44: 5.4 | M44: 47.1 | N44: -30.23387 | O44: -71.08159 | P44: 1032 | Q44: 517 | R44: 6.5 | S44: -- | T44: -- | U44: -- | V44: -- | W44: -- | X44: -- | Y44: 78.268433 | Z44: 91.883823 | AA44: 91.883823 | AB44: ID_1074 | AC44: 5 | AD44: =_xlfn.XLOOKUP(B44,EVENTOS!B:B,EVENTOS!M:M,"--",0,1) -> 19 | AE44: 1 | AF44: =_xlfn.XLOOKUP(C44,ESTACIONES!B:B,ESTACIONES!N:N,0,0,1) -> 2.3356473 | AG44: =_xlfn.XLOOKUP(A44,'L y W'!A:A,'L y W'!B:B,0,0,1) -> #N/A | AH44: =_xlfn.XLOOKUP(A44,'L y W'!A:A,'L y W'!C:C,0,0,1) -> #N/A
A45: 1078 | B45: 2015-09-17T3-12-42_Mw_5,4 | C45: C23O | D45: 2015 | E45: 9 | F45: 17 | G45: 3 | H45: 12 | I45: 42 | J45: -30.922 | K45: -71.264 | L45: 5.4 | M45: 47.1 | N45: -31.783711 | O45: -70.969739 | P45: 458 | Q45: 751 | R45: 2.1 | S45: -- | T45: -- | U45: -- | V45: -- | W45: -- | X45: -- | Y45: 99.56067 | Z45: 110.33626 | AA45: 110.33626 | AB45: ID_1078 | AC45: 8 | AD45: =_xlfn.XLOOKUP(B45,EVENTOS!B:B,EVENTOS!M:M,"--",0,1) -> 19 | AE45: 1 | AF45: =_xlfn.XLOOKUP(C45,ESTACIONES!B:B,ESTACIONES!N:N,0,0,1) -> 4.6375108 | AG45: =_xlfn.XLOOKUP(A45,'L y W'!A:A,'L y W'!B:B,0,0,1) -> #N/A | AH45: =_xlfn.XLOOKUP(A45,'L y W'!A:A,'L y W'!C:C,0,0,1) -> #N/A
A46: 1079 | B46: 2015-09-17T3-12-42_Mw_5,4 | C46: C26O | D46: 2015 | E46: 9 | F46: 17 | G46: 3 | H46: 12 | I46: 42 | J46: -30.922 | K46: -71.264 | L46: 5.4 | M46: 47.1 | N46: -30.25898 | O46: -71.49046 | P46: 10 | Q46: 364 | R46: 1.87 | S46: -- | T46: -- | U46: -- | V46: -- | W46: -- | X46: -- | Y46: 76.645805 | Z46: 89.96628 | AA46: 89.96628 | AB46: ID_1079 | AC46: 9 | AD46: =_xlfn.XLOOKUP(B46,EVENTOS!B:B,EVENTOS!M:M,"--",0,1) -> 19 | AE46: 1 | AF46: =_xlfn.XLOOKUP(C46,ESTACIONES!B:B,ESTACIONES!N:N,0,0,1) -> 4.3052866 | AG46: =_xlfn.XLOOKUP(A46,'L y W'!A:A,'L y W'!B:B,0,0,1) -> #N/A | AH46: =_xlfn.XLOOKUP(A46,'L y W'!A:A,'L y W'!C:C,0,0,1) -> #N/A
A47: 108 | B47: 2014-03-20T18-41-33_Mw_5,4 | C47: PB15 | D47: 2014 | E47: 3 | F47: 20 | G47: 18 | H47: 41 | I47: 33 | J47: -24.032 | K47: -69.25 | L47: 5.4 | M47: 96.5 | N47: -23.208335 | O47: -69.47092 | P47: 0 | Q47: 532 | R47: 2.22 | S47: 172 | T47: 52 | U47: -38 | V47: 288 | W47: 61 | X47: -136 | Y47: 93.967601 | Z47: 134.69284 | AA47: 143.64 | AB47: ID_108 | AC47: 20 | AD47: =_xlfn.XLOOKUP(B47,EVENTOS!B:B,EVENTOS!M:M,"--",0,1) -> 20 | AE47: 2 | AF47: =_xlfn.XLOOKUP(C47,ESTACIONES!B:B,ESTACIONES!N:N,0,0,1) -> 3.4503543 | AG47: =_xlfn.XLOOKUP(A47,'L y W'!A:A,'L y W'!B:B,0,0,1) -> 0 | AH47: =_xlfn.XLOOKUP(A47,'L y W'!A:A,'L y W'!C:C,0,0,1) -> 0
A48: 1080 | B48: 2015-09-17T3-12-42_Mw_5,4 | C48: C32O | D48: 2015 | E48: 9 | F48: 17 | G48: 3 | H48: 12 | I48: 42 | J48: -30.922 | K48: -71.264 | L48: 5.4 | M48: 47.1 | N48: -30.854861 | O48: -70.707333 | P48: 903 | Q48: 578 | R48: 6.51 | S48: -- | T48: -- | U48: -- | V48: -- | W48: -- | X48: -- | Y48: 53.743768 | Z48: 72.060257 | AA48: 72.060257 | AB48: ID_1080 | AC48: 10 | AD48: =_xlfn.XLOOKUP(B48,EVENTOS!B:B,EVENTOS!M:M,"--",0,1) -> 19 | AE48: 1 | AF48: =_xlfn.XLOOKUP(C48,ESTACIONES!B:B,ESTACIONES!N:N,0,0,1) -> 2.2846909 | AG48: =_xlfn.XLOOKUP(A48,'L y W'!A:A,'L y W'!B:B,0,0,1) -> #N/A | AH48: =_xlfn.XLOOKUP(A48,'L y W'!A:A,'L y W'!C:C,0,0,1) -> #N/A
A49: 1082 | B49: 2015-09-17T3-12-42_Mw_5,4 | C49: V15A | D49: 2015 | E49: 9 | F49: 17 | G49: 3 | H49: 12 | I49: 42 | J49: -30.922 | K49: -71.264 | L49: 5.4 | M49: 47.1 | N49: -32.914889 | O49: -71.232592 | P49: 116 | Q49: 549 | R49: 5.72 | S49: -- | T49: -- | U49: -- | V49: -- | W49: -- | X49: -- | Y49: 221.00232 | Z49: 225.98977 | AA49: 225.98977 | AB49: ID_1082 | AC49: 12 | AD49: =_xlfn.XLOOKUP(B49,EVENTOS!B:B,EVENTOS!M:M,"--",0,1) -> 19 | AE49: 1 | AF49: =_xlfn.XLOOKUP(C49,ESTACIONES!B:B,ESTACIONES!N:N,0,0,1) -> 6.9467602 | AG49: =_xlfn.XLOOKUP(A49,'L y W'!A:A,'L y W'!B:B,0,0,1) -> #N/A | AH49: =_xlfn.XLOOKUP(A49,'L y W'!A:A,'L y W'!C:C,0,0,1) -> #N/A
A50: 109 | B50: 2014-03-22T12-59-54_Mw_5,8 | C50: T03A | D50: 2014 | E50: 3 | F50: 22 | G50: 12 | H50: 59 | I50: 54 | J50: -19.836 | K50: -71.384 | L50: 5.8 | M50: 31.8 | N50: -20.23034 | O50: -70.14592 | P50: 0 | Q50: 635 | R50: 7.01 | S50: 346 | T50: 20 | U50: 90 | V50: 167 | W50: 70 | X50: 90 | Y50: 136.69218 | Z50: 140.34241 | AA50: 108.57 | AB50: ID_109 | AC50: 3 | AD50: =_xlfn.XLOOKUP(B50,EVENTOS!B:B,EVENTOS!M:M,"--",0,1) -> 21 | AE50: 1 | AF50: =_xlfn.XLOOKUP(C50,ESTACIONES!B:B,ESTACIONES!N:N,0,0,1) -> 6.1460543 | AG50: =_xlfn.XLOOKUP(A50,'L y W'!A:A,'L y W'!B:B,0,0,1) -> 7.3824413 | AH50: =_xlfn.XLOOKUP(A50,'L y W'!A:A,'L y W'!C:C,0,0,1) -> 7.1449633
A51: 1095 | B51: 2015-09-17T3-55-15_Mw_5,8 | C51: CO03 | D51: 2015 | E51: 9 | F51: 17 | G51: 3 | H51: 55 | I51: 15 | J51: -31.461 | K51: -71.704 | L51: 5.8 | M51: 53.3 | N51: -30.8389 | O51: -70.6891 | P51: 0 | Q51: 639 | R51: 7.79 | S51: -- | T51: -- | U51: -- | V51: -- | W51: -- | X51: -- | Y51: 118.83829 | Z51: 130.24373 | AA51: 123.325 | AB51: ID_1095 | AC51: 21 | AD51: =_xlfn.XLOOKUP(B51,EVENTOS!B:B,EVENTOS!M:M,"--",0,1) -> 22 | AE51: 1 | AF51: =_xlfn.XLOOKUP(C51,ESTACIONES!B:B,ESTACIONES!N:N,0,0,1) -> 2.3804747 | AG51: =_xlfn.XLOOKUP(A51,'L y W'!A:A,'L y W'!B:B,0,0,1) -> #N/A | AH51: =_xlfn.XLOOKUP(A51,'L y W'!A:A,'L y W'!C:C,0,0,1) -> #N/A
A52: 1096 | B52: 2015-09-17T3-55-15_Mw_5,8 | C52: GO04 | D52: 2015 | E52: 9 | F52: 17 | G52: 3 | H52: 55 | I52: 15 | J52: -31.461 | K52: -71.704 | L52: 5.8 | M52: 53.3 | N52: -30.1727 | O52: -70.7993 | P52: 0 | Q52: 405 | R52: 1.64 | S52: -- | T52: -- | U52: -- | V52: -- | W52: -- | X52: -- | Y52: 167.0131 | Z52: 175.31191 | AA52: 168.99 | AB52: ID_1096 | AC52: 1 | AD52: =_xlfn.XLOOKUP(B52,EVENTOS!B:B,EVENTOS!M:M,"--",0,1) -> 22 | AE52: 1 | AF52: =_xlfn.XLOOKUP(C52,ESTACIONES!B:B,ESTACIONES!N:N,0,0,1) -> 5.4872095 | AG52: =_xlfn.XLOOKUP(A52,'L y W'!A:A,'L y W'!B:B,0,0,1) -> #N/A | AH52: =_xlfn.XLOOKUP(A52,'L y W'!A:A,'L y W'!C:C,0,0,1) -> #N/A
A53: 11 | B53: 2012-04-30T7-39-44_Mw_6,0 | C53: GO04 | D53: 2012 | E53: 4 | F53: 30 | G53: 7 | H53: 39 | I53: 44 | J53: -29.8 | K53: -71.641 | L53: 6 | M53: 43.1 | N53: -30.1727 | O53: -70.7993 | P53: 0 | Q53: 405 | R53: 1.64 | S53: 330 | T53: 47 | U53: 35 | V53: 214 | W53: 65 | X53: 131 | Y53: 91.126819 | Z53: 100.80529 | AA53: 105.38 | AB53: ID_11 | AC53: 1 | AD53: =_xlfn.XLOOKUP(B53,EVENTOS!B:B,EVENTOS!M:M,"--",0,1) -> 23 | AE53: 1 | AF53: =_xlfn.XLOOKUP(C53,ESTACIONES!B:B,ESTACIONES!N:N,0,0,1) -> 5.4872095 | AG53: =_xlfn.XLOOKUP(A53,'L y W'!A:A,'L y W'!B:B,0,0,1) -> 9.7948999 | AH53: =_xlfn.XLOOKUP(A53,'L y W'!A:A,'L y W'!C:C,0,0,1) -> 8.7297137
A54: 110 | B54: 2014-03-22T12-59-54_Mw_5,8 | C54: T06A | D54: 2014 | E54: 3 | F54: 22 | G54: 12 | H54: 59 | I54: 54 | J54: -19.836 | K54: -71.384 | L54: 5.8 | M54: 31.8 | N54: -20.2142 | O54: -70.13789 | P54: 0 | Q54: 276 | R54: 1.67 | S54: 346 | T54: 20 | U54: 90 | V54: 167 | W54: 70 | X54: 90 | Y54: 136.93807 | Z54: 140.58192 | AA54: 108.49 | AB54: ID_110 | AC54: 4 | AD54: =_xlfn.XLOOKUP(B54,EVENTOS!B:B,EVENTOS!M:M,"--",0,1) -> 21 | AE54: 1 | AF54: =_xlfn.XLOOKUP(C54,ESTACIONES!B:B,ESTACIONES!N:N,0,0,1) -> 1.8913069 | AG54: =_xlfn.XLOOKUP(A54,'L y W'!A:A,'L y W'!B:B,0,0,1) -> 7.3824413 | AH54: =_xlfn.XLOOKUP(A54,'L y W'!A:A,'L y W'!C:C,0,0,1) -> 7.1449633
A55: 1109 | B55: 2015-09-17T4-10-27_Mw_6,6 | C55: C01O | D55: 2015 | E55: 9 | F55: 17 | G55: 4 | H55: 10 | I55: 27 | J55: -31.542 | K55: -71.748 | L55: 6.6 | M55: 40.7 | N55: -29.87719 | O55: -71.23787 | P55: 0 | Q55: 399 | R55: 1.18 | S55: 355 | T55: 30 | U55: 94 | V55: 170 | W55: 60 | X55: 88 | Y55: 190.92689 | Z55: 195.21672 | AA55: 183.29434 | AB55: ID_1109 | AC55: 16 | AD55: =_xlfn.XLOOKUP(B55,EVENTOS!B:B,EVENTOS!M:M,"--",0,1) -> 24 | AE55: 1 | AF55: =_xlfn.XLOOKUP(C55,ESTACIONES!B:B,ESTACIONES!N:N,0,0,1) -> 2.8226613 | AG55: =_xlfn.XLOOKUP(A55,'L y W'!A:A,'L y W'!B:B,0,0,1) -> 22.877049 | AH55: =_xlfn.XLOOKUP(A55,'L y W'!A:A,'L y W'!C:C,0,0,1) -> 15.922087
A56: 111 | B56: 2014-03-22T12-59-54_Mw_5,8 | C56: T07A | D56: 2014 | E56: 3 | F56: 22 | G56: 12 | H56: 59 | I56: 54 | J56: -19.836 | K56: -71.384 | L56: 5.8 | M56: 31.8 | N56: -20.25627 | O56: -69.78601 | P56: 0 | Q56: 344 | R56: 2.47 | S56: 346 | T56: 20 | U56: 90 | V56: 167 | W56: 70 | X56: 90 | Y56: 173.52857 | Z56: 176.41827 | AA56: 143.735 | AB56: ID_111 | AC56: 15 | AD56: =_xlfn.XLOOKUP(B56,EVENTOS!B:B,EVENTOS!M:M,"--",0,1) -> 21 | AE56: 1 | AF56: =_xlfn.XLOOKUP(C56,ESTACIONES!B:B,ESTACIONES!N:N,0,0,1) -> 4.7744006 | AG56: =_xlfn.XLOOKUP(A56,'L y W'!A:A,'L y W'!B:B,0,0,1) -> 7.3824413 | AH56: =_xlfn.XLOOKUP(A56,'L y W'!A:A,'L y W'!C:C,0,0,1) -> 7.1449633
A57: 1110 | B57: 2015-09-17T4-10-27_Mw_6,6 | C57: C09O | D57: 2015 | E57: 9 | F57: 17 | G57: 4 | H57: 10 | I57: 27 | J57: -31.542 | K57: -71.748 | L57: 6.6 | M57: 40.7 | N57: -29.51064 | O57: -71.20036 | P57: 0 | Q57: 576 | R57: 5.77 | S57: 355 | T57: 30 | U57: 94 | V57: 170 | W57: 60 | X57: 88 | Y57: 231.2501 | Z57: 234.80439 | AA57: 222.6958 | AB57: ID_1110 | AC57: 19 | AD57: =_xlfn.XLOOKUP(B57,EVENTOS!B:B,EVENTOS!M:M,"--",0,1) -> 24 | AE57: 1 | AF57: =_xlfn.XLOOKUP(C57,ESTACIONES!B:B,ESTACIONES!N:N,0,0,1) -> 3.0510065 | AG57: =_xlfn.XLOOKUP(A57,'L y W'!A:A,'L y W'!B:B,0,0,1) -> 22.877049 | AH57: =_xlfn.XLOOKUP(A57,'L y W'!A:A,'L y W'!C:C,0,0,1) -> 15.922087
A58: 1111 | B58: 2015-09-17T4-10-27_Mw_6,6 | C58: C10O | D58: 2015 | E58: 9 | F58: 17 | G58: 4 | H58: 10 | I58: 27 | J58: -31.542 | K58: -71.748 | L58: 6.6 | M58: 40.7 | N58: -30.23387 | O58: -71.08159 | P58: 1032 | Q58: 517 | R58: 6.5 | S58: 355 | T58: 30 | U58: 94 | V58: 170 | W58: 60 | X58: 88 | Y58: 158.40845 | Z58: 163.8133 | AA58: 151.63622 | AB58: ID_1111 | AC58: 5 | AD58: =_xlfn.XLOOKUP(B58,EVENTOS!B:B,EVENTOS!M:M,"--",0,1) -> 24 | AE58: 1 | AF58: =_xlfn.XLOOKUP(C58,ESTACIONES!B:B,ESTACIONES!N:N,0,0,1) -> 2.3356473 | AG58: =_xlfn.XLOOKUP(A58,'L y W'!A:A,'L y W'!B:B,0,0,1) -> 22.877049 | AH58: =_xlfn.XLOOKUP(A58,'L y W'!A:A,'L y W'!C:C,0,0,1) -> 15.922087
A59: 1112 | B59: 2015-09-17T4-10-27_Mw_6,6 | C59: C11O | D59: 2015 | E59: 9 | F59: 17 | G59: 4 | H59: 10 | I59: 27 | J59: -31.542 | K59: -71.748 | L59: 6.6 | M59: 40.7 | N59: -30.696472 | O59: -70.958889 | P59: 0 | Q59: 402 | R59: 3.22 | S59: 355 | T59: 30 | U59: 94 | V59: 170 | W59: 60 | X59: 88 | Y59: 120.22223 | Z59: 126.92468 | AA59: 115.97395 | AB59: ID_1112 | AC59: 6 | AD59: =_xlfn.XLOOKUP(B59,EVENTOS!B:B,EVENTOS!M:M,"--",0,1) -> 24 | AE59: 1 | AF59: =_xlfn.XLOOKUP(C59,ESTACIONES!B:B,ESTACIONES!N:N,0,0,1) -> 2.3463048 | AG59: =_xlfn.XLOOKUP(A59,'L y W'!A:A,'L y W'!B:B,0,0,1) -> 22.877049 | AH59: =_xlfn.XLOOKUP(A59,'L y W'!A:A,'L y W'!C:C,0,0,1) -> 15.922087
A60: 1114 | B60: 2015-09-17T4-10-27_Mw_6,6 | C60: C19O | D60: 2015 | E60: 9 | F60: 17 | G60: 4 | H60: 10 | I60: 27 | J60: -31.542 | K60: -71.748 | L60: 6.6 | M60: 40.7 | N60: -30.09348 | O60: -71.36893 | P60: 71 | Q60: 1106 | R60: 11.015885 | S60: 355 | T60: 30 | U60: 94 | V60: 170 | W60: 60 | X60: 88 | Y60: 164.63691 | Z60: 169.6101 | AA60: 158.07953 | AB60: ID_1114 | AC60: 22 | AD60: =_xlfn.XLOOKUP(B60,EVENTOS!B:B,EVENTOS!M:M,"--",0,1) -> 24 | AE60: 1 | AF60: =_xlfn.XLOOKUP(C60,ESTACIONES!B:B,ESTACIONES!N:N,0,0,1) -> 2.4171959 | AG60: =_xlfn.XLOOKUP(A60,'L y W'!A:A,'L y W'!B:B,0,0,1) -> 22.877049 | AH60: =_xlfn.XLOOKUP(A60,'L y W'!A:A,'L y W'!C:C,0,0,1) -> 15.922087
A61: 1115 | B61: 2015-09-17T4-10-27_Mw_6,6 | C61: C20O | D61: 2015 | E61: 9 | F61: 17 | G61: 4 | H61: 10 | I61: 27 | J61: -31.542 | K61: -71.748 | L61: 6.6 | M61: 40.7 | N61: -29.96818 | O61: -71.33736 | P61: 52 | Q61: 1106 | R61: 1.24 | S61: 355 | T61: 30 | U61: 94 | V61: 170 | W61: 60 | X61: 88 | Y61: 178.85653 | Z61: 183.44041 | AA61: 171.75854 | AB61: ID_1115 | AC61: 17 | AD61: =_xlfn.XLOOKUP(B61,EVENTOS!B:B,EVENTOS!M:M,"--",0,1) -> 24 | AE61: 1 | AF61: =_xlfn.XLOOKUP(C61,ESTACIONES!B:B,ESTACIONES!N:N,0,0,1) -> 4.0819377 | AG61: =_xlfn.XLOOKUP(A61,'L y W'!A:A,'L y W'!B:B,0,0,1) -> 22.877049 | AH61: =_xlfn.XLOOKUP(A61,'L y W'!A:A,'L y W'!C:C,0,0,1) -> 15.922087
A62: 1116 | B62: 2015-09-17T4-10-27_Mw_6,6 | C62: C22O | D62: 2015 | E62: 9 | F62: 17 | G62: 4 | H62: 10 | I62: 27 | J62: -31.542 | K62: -71.748 | L62: 6.6 | M62: 40.7 | N62: -29.96551 | O62: -71.35111 | P62: 36 | Q62: 1228 | R62: 6.4838235 | S62: 355 | T62: 30 | U62: 94 | V62: 170 | W62: 60 | X62: 88 | Y62: 178.8611 | Z62: 183.44131 | AA62: 171.79195 | AB62: ID_1116 | AC62: 18 | AD62: =_xlfn.XLOOKUP(B62,EVENTOS!B:B,EVENTOS!M:M,"--",0,1) -> 24 | AE62: 1 | AF62: =_xlfn.XLOOKUP(C62,ESTACIONES!B:B,ESTACIONES!N:N,0,0,1) -> 1.6562574 | AG62: =_xlfn.XLOOKUP(A62,'L y W'!A:A,'L y W'!B:B,0,0,1) -> 22.877049 | AH62: =_xlfn.XLOOKUP(A62,'L y W'!A:A,'L y W'!C:C,0,0,1) -> 15.922087
A63: 1117 | B63: 2015-09-17T4-10-27_Mw_6,6 | C63: C26O | D63: 2015 | E63: 9 | F63: 17 | G63: 4 | H63: 10 | I63: 27 | J63: -31.542 | K63: -71.748 | L63: 6.6 | M63: 40.7 | N63: -30.25898 | O63: -71.49046 | P63: 10 | Q63: 364 | R63: 1.87 | S63: 355 | T63: 30 | U63: 94 | V63: 170 | W63: 60 | X63: 88 | Y63: 144.36058 | Z63: 149.99094 | AA63: 138.959 | AB63: ID_1117 | AC63: 9 | AD63: =_xlfn.XLOOKUP(B63,EVENTOS!B:B,EVENTOS!M:M,"--",0,1) -> 24 | AE63: 1 | AF63: =_xlfn.XLOOKUP(C63,ESTACIONES!B:B,ESTACIONES!N:N,0,0,1) -> 4.3052866 | AG63: =_xlfn.XLOOKUP(A63,'L y W'!A:A,'L y W'!B:B,0,0,1) -> 22.877049 | AH63: =_xlfn.XLOOKUP(A63,'L y W'!A:A,'L y W'!C:C,0,0,1) -> 15.922087
A64: 112 | B64: 2014-03-22T12-59-54_Mw_5,8 | C64: T08A | D64: 2014 | E64: 3 | F64: 22 | G64: 12 | H64: 59 | I64: 54 | J64: -19.836 | K64: -71.384 | L64: 5.8 | M64: 31.8 | N64: -20.27016 | O64: -70.09414 | P64: 0 | Q64: 680 | R64: 14.35 | S64: 346 | T64: 20 | U64: 90 | V64: 167 | W64: 70 | X64: 90 | Y64: 143.23861 | Z64: 146.72607 | AA64: 115.27 | AB64: ID_112 | AC64: 7 | AD64: =_xlfn.XLOOKUP(B64,EVENTOS!B:B,EVENTOS!M:M,"--",0,1) -> 21 | AE64: 1 | AF64: =_xlfn.XLOOKUP(C64,ESTACIONES!B:B,ESTACIONES!N:N,0,0,1) -> 1.8458396 | AG64: =_xlfn.XLOOKUP(A64,'L y W'!A:A,'L y W'!B:B,0,0,1) -> 7.3824413 | AH64: =_xlfn.XLOOKUP(A64,'L y W'!A:A,'L y W'!C:C,0,0,1) -> 7.1449633
... A89: 1144 | B89: 2015-09-17T4-10-27_Mw_6,6 | C89: VA03 | D89: 2015 | E89: 9 | F89: 17 | G89: 4 | H89: 10 | I89: 27 | J89: -31.542 | K89: -71.748 | L89: 6.6 | M89: 40.7 | N89: -32.7637 | O89: -70.5508 | P89: 0 | Q89: 688 | R89: 7.85 | S89: 355 | T89: 30 | U89: 94 | V89: 170 | W89: 60 | X89: 88 | Y89: 176.37228 | Z89: 181.00738 | AA89: 163.75 | AB89: ID_1144 | AC89: 40 | AD89: =_xlfn.XLOOKUP(B89,EVENTOS!B:B,EVENTOS!M:M,"--",0,1) -> 24 | AE89: 1 | AF89: =_xlfn.XLOOKUP(C89,ESTACIONES!B:B,ESTACIONES!N:N,0,0,1) -> 2.5932541 | AG89: =_xlfn.XLOOKUP(A89,'L y W'!A:A,'L y W'!B:B,0,0,1) -> 22.877049 | AH89: =_xlfn.XLOOKUP(A89,'L y W'!A:A,'L y W'!C:C,0,0,1) -> 15.922087
A90: 115 | B90: 2014-03-22T13-14-56_Mw_5,3 | C90: T03A | D90: 2014 | E90: 3 | F90: 22 | G90: 13 | H90: 14 | I90: 56 | J90: -19.821 | K90: -70.881 | L90: 5.3 | M90: 20.1 | N90: -20.23034 | O90: -70.14592 | P90: 0 | Q90: 635 | R90: 7.01 | S90: -- | T90: -- | U90: -- | V90: -- | W90: -- | X90: -- | Y90: 89.268464 | Z90: 91.503381 | AA90: 91.503381 | AB90: ID_115 | AC90: 3 | AD90: =_xlfn.XLOOKUP(B90,EVENTOS!B:B,EVENTOS!M:M,"--",0,1) -> 25 | AE90: 1 | AF90: =_xlfn.XLOOKUP(C90,ESTACIONES!B:B,ESTACIONES!N:N,0,0,1) -> 6.1460543 | AG90: =_xlfn.XLOOKUP(A90,'L y W'!A:A,'L y W'!B:B,0,0,1) -> #N/A | AH90: =_xlfn.XLOOKUP(A90,'L y W'!A:A,'L y W'!C:C,0,0,1) -> #N/A
A91: 1153 | B91: 2015-09-17T4-38-8_Mw_5,2 | C91: C23O | D91: 2015 | E91: 9 | F91: 17 | G91: 4 | H91: 38 | I91: 8 | J91: -31.304 | K91: -71.801 | L91: 5.2 | M91: 30.1 | N91: -31.783711 | O91: -70.969739 | P91: 458 | Q91: 751 | R91: 2.1 | S91: -- | T91: -- | U91: -- | V91: -- | W91: -- | X91: -- | Y91: 95.182758 | Z91: 99.967739 | AA91: 99.967739 | AB91: ID_1153 | AC91: 8 | AD91: =_xlfn.XLOOKUP(B91,EVENTOS!B:B,EVENTOS!M:M,"--",0,1) -> 26 | AE91: 1 | AF91: =_xlfn.XLOOKUP(C91,ESTACIONES!B:B,ESTACIONES!N:N,0,0,1) -> 4.6375108 | AG91: =_xlfn.XLOOKUP(A91,'L y W'!A:A,'L y W'!B:B,0,0,1) -> #N/A | AH91: =_xlfn.XLOOKUP(A91,'L y W'!A:A,'L y W'!C:C,0,0,1) -> #N/A
A92: 1154 | B92: 2015-09-17T5-4-48_Mw_4,8 | C92: C23O | D92: 2015 | E92: 9 | F92: 17 | G92: 5 | H92: 4 | I92: 48 | J92: -31.5 | K92: -71.728 | L92: 4.8 | M92: 24.9 | N92: -31.783711 | O92: -70.969739 | P92: 458 | Q92: 751 | R92: 2.1 | S92: -- | T92: -- | U92: -- | V92: -- | W92: -- | X92: -- | Y92: 78.505671 | Z92: 82.499507 | AA92: 82.499507 | AB92: ID_1154 | AC92: 8 | AD92: =_xlfn.XLOOKUP(B92,EVENTOS!B:B,EVENTOS!M:M,"--",0,1) -> 27 | AE92: 1 | AF92: =_xlfn.XLOOKUP(C92,ESTACIONES!B:B,ESTACIONES!N:N,0,0,1) -> 4.6375108 | AG92: =_xlfn.XLOOKUP(A92,'L y W'!A:A,'L y W'!B:B,0,0,1) -> #N/A | AH92: =_xlfn.XLOOKUP(A92,'L y W'!A:A,'L y W'!C:C,0,0,1) -> #N/A
A93: 1156 | B93: 2015-09-17T5-44-41_Mw_5,3 | C93: C23O | D93: 2015 | E93: 9 | F93: 17 | G93: 5 | H93: 44 | I93: 41 | J93: -31.825 | K93: -71.958 | L93: 5.3 | M93: 25.1 | N93: -31.783711 | O93: -70.969739 | P93: 458 | Q93: 751 | R93: 2.1 | S93: -- | T93: -- | U93: -- | V93: -- | W93: -- | X93: -- | Y93: 93.693231 | Z93: 97.116595 | AA93: 97.116595 | AB93: ID_1156 | AC93: 8 | AD93: =_xlfn.XLOOKUP(B93,EVENTOS!B:B,EVENTOS!M:M,"--",0,1) -> 28 | AE93: 1 | AF93: =_xlfn.XLOOKUP(C93,ESTACIONES!B:B,ESTACIONES!N:N,0,0,1) -> 4.6375108 | AG93: =_xlfn.XLOOKUP(A93,'L y W'!A:A,'L y W'!B:B,0,0,1) -> #N/A | AH93: =_xlfn.XLOOKUP(A93,'L y W'!A:A,'L y W'!C:C,0,0,1) -> #N/A
A94: 1157 | B94: 2015-09-17T5-44-41_Mw_5,3 | C94: V15A | D94: 2015 | E94: 9 | F94: 17 | G94: 5 | H94: 44 | I94: 41 | J94: -31.825 | K94: -71.958 | L94: 5.3 | M94: 25.1 | N94: -32.914889 | O94: -71.232592 | P94: 116 | Q94: 549 | R94: 5.72 | S94: -- | T94: -- | U94: -- | V94: -- | W94: -- | X94: -- | Y94: 138.80874 | Z94: 141.08052 | AA94: 141.08052 | AB94: ID_1157 | AC94: 12 | AD94: =_xlfn.XLOOKUP(B94,EVENTOS!B:B,EVENTOS!M:M,"--",0,1) -> 28 | AE94: 1 | AF94: =_xlfn.XLOOKUP(C94,ESTACIONES!B:B,ESTACIONES!N:N,0,0,1) -> 6.9467602 | AG94: =_xlfn.XLOOKUP(A94,'L y W'!A:A,'L y W'!B:B,0,0,1) -> #N/A | AH94: =_xlfn.XLOOKUP(A94,'L y W'!A:A,'L y W'!C:C,0,0,1) -> #N/A
A95: 1158 | B95: 2015-09-17T5-57-10_Mw_4,6 | C95: C23O | D95: 2015 | E95: 9 | F95: 17 | G95: 5 | H95: 57 | I95: 10 | J95: -31.853 | K95: -71.906 | L95: 4.6 | M95: 22.7 | N95: -31.783711 | O95: -70.969739 | P95: 458 | Q95: 751 | R95: 2.1 | S95: -- | T95: -- | U95: -- | V95: -- | W95: -- | X95: -- | Y95: 88.97626 | Z95: 91.940566 | AA95: 91.940566 | AB95: ID_1158 | AC95: 8 | AD95: =_xlfn.XLOOKUP(B95,EVENTOS!B:B,EVENTOS!M:M,"--",0,1) -> 29 | AE95: 1 | AF95: =_xlfn.XLOOKUP(C95,ESTACIONES!B:B,ESTACIONES!N:N,0,0,1) -> 4.6375108 | AG95: =_xlfn.XLOOKUP(A95,'L y W'!A:A,'L y W'!B:B,0,0,1) -> #N/A | AH95: =_xlfn.XLOOKUP(A95,'L y W'!A:A,'L y W'!C:C,0,0,1) -> #N/A
A96: 1159 | B96: 2015-09-17T6-38-54_Mw_4,9 | C96: C23O | D96: 2015 | E96: 9 | F96: 17 | G96: 6 | H96: 38 | I96: 54 | J96: -31.641 | K96: -71.789 | L96: 4.9 | M96: 42.6 | N96: -31.783711 | O96: -70.969739 | P96: 458 | Q96: 751 | R96: 2.1 | S96: -- | T96: -- | U96: -- | V96: -- | W96: -- | X96: -- | Y96: 79.25089 | Z96: 90.192543 | AA96: 90.192543 | AB96: ID_1159 | AC96: 8 | AD96: =_xlfn.XLOOKUP(B96,EVENTOS!B:B,EVENTOS!M:M,"--",0,1) -> 30 | AE96: 1 | AF96: =_xlfn.XLOOKUP(C96,ESTACIONES!B:B,ESTACIONES!N:N,0,0,1) -> 4.6375108 | AG96: =_xlfn.XLOOKUP(A96,'L y W'!A:A,'L y W'!B:B,0,0,1) -> #N/A | AH96: =_xlfn.XLOOKUP(A96,'L y W'!A:A,'L y W'!C:C,0,0,1) -> #N/A
A97: 116 | B97: 2014-03-22T13-14-56_Mw_5,3 | C97: T07A | D97: 2014 | E97: 3 | F97: 22 | G97: 13 | H97: 14 | I97: 56 | J97: -19.821 | K97: -70.881 | L97: 5.3 | M97: 20.1 | N97: -20.25627 | O97: -69.78601 | P97: 0 | Q97: 344 | R97: 2.47 | S97: -- | T97: -- | U97: -- | V97: -- | W97: -- | X97: -- | Y97: 124.28068 | Z97: 125.89558 | AA97: 125.89558 | AB97: ID_116 | AC97: 15 | AD97: =_xlfn.XLOOKUP(B97,EVENTOS!B:B,EVENTOS!M:M,"--",0,1) -> 25 | AE97: 1 | AF97: =_xlfn.XLOOKUP(C97,ESTACIONES!B:B,ESTACIONES!N:N,0,0,1) -> 4.7744006 | AG97: =_xlfn.XLOOKUP(A97,'L y W'!A:A,'L y W'!B:B,0,0,1) -> #N/A | AH97: =_xlfn.XLOOKUP(A97,'L y W'!A:A,'L y W'!C:C,0,0,1) -> #N/A
A98: 1161 | B98: 2015-09-17T7-28-4_Mw_4,7 | C98: C23O | D98: 2015 | E98: 9 | F98: 17 | G98: 7 | H98: 28 | I98: 4 | J98: -31.507 | K98: -71.579 | L98: 4.7 | M98: 43.7 | N98: -31.783711 | O98: -70.969739 | P98: 458 | Q98: 751 | R98: 2.1 | S98: -- | T98: -- | U98: -- | V98: -- | W98: -- | X98: -- | Y98: 65.430961 | Z98: 78.937568 | AA98: 78.937568 | AB98: ID_1161 | AC98: 8 | AD98: =_xlfn.XLOOKUP(B98,EVENTOS!B:B,EVENTOS!M:M,"--",0,1) -> 31 | AE98: 1 | AF98: =_xlfn.XLOOKUP(C98,ESTACIONES!B:B,ESTACIONES!N:N,0,0,1) -> 4.6375108 | AG98: =_xlfn.XLOOKUP(A98,'L y W'!A:A,'L y W'!B:B,0,0,1) -> #N/A | AH98: =_xlfn.XLOOKUP(A98,'L y W'!A:A,'L y W'!C:C,0,0,1) -> #N/A
A99: 1164 | B99: 2015-09-17T8-32-43_Mw_5,0 | C99: C11O | D99: 2015 | E99: 9 | F99: 17 | G99: 8 | H99: 32 | I99: 43 | J99: -31.601 | K99: -71.408 | L99: 5 | M99: 38.8 | N99: -30.696472 | O99: -70.958889 | P99: 0 | Q99: 402 | R99: 3.22 | S99: -- | T99: -- | U99: -- | V99: -- | W99: -- | X99: -- | Y99: 109.0476 | Z99: 115.74462 | AA99: 115.74462 | AB99: ID_1164 | AC99: 6 | AD99: =_xlfn.XLOOKUP(B99,EVENTOS!B:B,EVENTOS!M:M,"--",0,1) -> 32 | AE99: 1 | AF99: =_xlfn.XLOOKUP(C99,ESTACIONES!B:B,ESTACIONES!N:N,0,0,1) -> 2.3463048 | AG99: =_xlfn.XLOOKUP(A99,'L y W'!A:A,'L y W'!B:B,0,0,1) -> #N/A | AH99: =_xlfn.XLOOKUP(A99,'L y W'!A:A,'L y W'!C:C,0,0,1) -> #N/A
A100: 1165 | B100: 2015-09-17T8-32-43_Mw_5,0 | C100: C23O | D100: 2015 | E100: 9 | F100: 17 | G100: 8 | H100: 32 | I100: 43 | J100: -31.601 | K100: -71.408 | L100: 5 | M100: 38.8 | N100: -31.783711 | O100: -70.969739 | P100: 458 | Q100: 751 | R100: 2.1 | S100: -- | T100: -- | U100: -- | V100: -- | W100: -- | X100: -- | Y100: 46.226212 | Z100: 60.646956 | AA100: 60.646956 | AB100: ID_1165 | AC100: 8 | AD100: =_xlfn.XLOOKUP(B100,EVENTOS!B:B,EVENTOS!M:M,"--",0,1) -> 32 | AE100: 1 | AF100: =_xlfn.XLOOKUP(C100,ESTACIONES!B:B,ESTACIONES!N:N,0,0,1) -> 4.6375108 | AG100: =_xlfn.XLOOKUP(A100,'L y W'!A:A,'L y W'!B:B,0,0,1) -> #N/A | AH100: =_xlfn.XLOOKUP(A100,'L y W'!A:A,'L y W'!C:C,0,0,1) -> #N/A
A101: 1166 | B101: 2015-09-17T8-32-43_Mw_5,0 | C101: C32O | D101: 2015 | E101: 9 | F101: 17 | G101: 8 | H101: 32 | I101: 43 | J101: -31.601 | K101: -71.408 | L101: 5 | M101: 38.8 | N101: -30.854861 | O101: -70.707333 | P101: 903 | Q101: 578 | R101: 6.51 | S101: -- | T101: -- | U101: -- | V101: -- | W101: -- | X101: -- | Y101: 106.30193 | Z101: 113.47435 | AA101: 113.47435 | AB101: ID_1166 | AC101: 10 | AD101: =_xlfn.XLOOKUP(B101,EVENTOS!B:B,EVENTOS!M:M,"--",0,1) -> 32 | AE101: 1 | AF101: =_xlfn.XLOOKUP(C101,ESTACIONES!B:B,ESTACIONES!N:N,0,0,1) -> 2.2846909 | AG101: =_xlfn.XLOOKUP(A101,'L y W'!A:A,'L y W'!B:B,0,0,1) -> #N/A | AH101: =_xlfn.XLOOKUP(A101,'L y W'!A:A,'L y W'!C:C,0,0,1) -> #N/A
... A105: 1175 | B105: 2015-09-18T19-54-47_Mw_4,7 | C105: C22O | D105: 2015 | E105: 9 | F105: 18 | G105: 19 | H105: 54 | I105: 47 | J105: -30.107 | K105: -71.547 | L105: 4.7 | M105: 16.4 | N105: -29.96551 | O105: -71.35111 | P105: 36 | Q105: 1228 | R105: 6.4838235 | S105: -- | T105: -- | U105: -- | V105: -- | W105: -- | X105: -- | Y105: 24.555707 | Z105: 29.548686 | AA105: 29.548686 | AB105: ID_1175 | AC105: 18 | AD105: =_xlfn.XLOOKUP(B105,EVENTOS!B:B,EVENTOS!M:M,"--",0,1) -> 35 | AE105: 1 | AF105: =_xlfn.XLOOKUP(C105,ESTACIONES!B:B,ESTACIONES!N:N,0,0,1) -> 1.6562574 | AG105: =_xlfn.XLOOKUP(A105,'L y W'!A:A,'L y W'!B:B,0,0,1) -> #N/A | AH105: =_xlfn.XLOOKUP(A105,'L y W'!A:A,'L y W'!C:C,0,0,1) -> #N/A
A106: 1178 | B106: 2015-09-18T3-15-39_Mw_5,2 | C106: C11O | D106: 2015 | E106: 9 | F106: 18 | G106: 3 | H106: 15 | I106: 39 | J106: -31.447 | K106: -71.53 | L106: 5.2 | M106: 45.1 | N106: -30.696472 | O106: -70.958889 | P106: 0 | Q106: 402 | R106: 3.22 | S106: 3 | T106: 37 | U106: 100 | V106: 171 | W106: 53 | X106: 83 | Y106: 99.471654 | Z106: 109.21822 | AA106: 109.11472 | AB106: ID_1178 | AC106: 6 | AD106: =_xlfn.XLOOKUP(B106,EVENTOS!B:B,EVENTOS!M:M,"--",0,1) -> 36 | AE106: 1 | AF106: =_xlfn.XLOOKUP(C106,ESTACIONES!B:B,ESTACIONES!N:N,0,0,1) -> 2.3463048 | AG106: =_xlfn.XLOOKUP(A106,'L y W'!A:A,'L y W'!B:B,0,0,1) -> 0 | AH106: =_xlfn.XLOOKUP(A106,'L y W'!A:A,'L y W'!C:C,0,0,1) -> 0
A107: 1179 | B107: 2015-09-18T3-15-39_Mw_5,2 | C107: C23O | D107: 2015 | E107: 9 | F107: 18 | G107: 3 | H107: 15 | I107: 39 | J107: -31.447 | K107: -71.53 | L107: 5.2 | M107: 45.1 | N107: -31.783711 | O107: -70.969739 | P107: 458 | Q107: 751 | R107: 2.1 | S107: 3 | T107: 37 | U107: 100 | V107: 171 | W107: 53 | X107: 83 | Y107: 64.960747 | Z107: 79.343746 | AA107: 79.145996 | AB107: ID_1179 | AC107: 8 | AD107: =_xlfn.XLOOKUP(B107,EVENTOS!B:B,EVENTOS!M:M,"--",0,1) -> 36 | AE107: 1 | AF107: =_xlfn.XLOOKUP(C107,ESTACIONES!B:B,ESTACIONES!N:N,0,0,1) -> 4.6375108 | AG107: =_xlfn.XLOOKUP(A107,'L y W'!A:A,'L y W'!B:B,0,0,1) -> 0 | AH107: =_xlfn.XLOOKUP(A107,'L y W'!A:A,'L y W'!C:C,0,0,1) -> 0
A108: 118 | B108: 2014-03-23T18-20-0_Mw_6,1 | C108: GO01 | D108: 2014 | E108: 3 | F108: 23 | G108: 18 | H108: 20 | I108: 0 | J108: -19.794 | K108: -70.943 | L108: 6.1 | M108: 33.8 | N108: -19.6685 | O108: -69.1942 | P108: 0 | Q108: 973 | R108: 7.75 | S108: -- | T108: -- | U108: -- | V108: -- | W108: -- | X108: -- | Y108: 183.84025 | Z108: 186.92158 | AA108: 185.845 | AB108: ID_118 | AC108: 42 | AD108: =_xlfn.XLOOKUP(B108,EVENTOS!B:B,EVENTOS!M:M,"--",0,1) -> 34 | AE108: 1 | AF108: =_xlfn.XLOOKUP(C108,ESTACIONES!B:B,ESTACIONES!N:N,0,0,1) -> 5.9854711 | AG108: =_xlfn.XLOOKUP(A108,'L y W'!A:A,'L y W'!B:B,0,0,1) -> #N/A | AH108: =_xlfn.XLOOKUP(A108,'L y W'!A:A,'L y W'!C:C,0,0,1) -> #N/A
A109: 1180 | B109: 2015-09-18T3-15-39_Mw_5,2 | C109: C32O | D109: 2015 | E109: 9 | F109: 18 | G109: 3 | H109: 15 | I109: 39 | J109: -31.447 | K109: -71.53 | L109: 5.2 | M109: 45.1 | N109: -30.854861 | O109: -70.707333 | P109: 903 | Q109: 578 | R109: 6.51 | S109: 3 | T109: 37 | U109: 100 | V109: 171 | W109: 53 | X109: 83 | Y109: 102.2912 | Z109: 112.15955 | AA109: 111.62362 | AB109: ID_1180 | AC109: 10 | AD109: =_xlfn.XLOOKUP(B109,EVENTOS!B:B,EVENTOS!M:M,"--",0,1) -> 36 | AE109: 1 | AF109: =_xlfn.XLOOKUP(C109,ESTACIONES!B:B,ESTACIONES!N:N,0,0,1) -> 2.2846909 | AG109: =_xlfn.XLOOKUP(A109,'L y W'!A:A,'L y W'!B:B,0,0,1) -> 0 | AH109: =_xlfn.XLOOKUP(A109,'L y W'!A:A,'L y W'!C:C,0,0,1) -> 0
A110: 1182 | B110: 2015-09-18T3-15-39_Mw_5,2 | C110: V15A | D110: 2015 | E110: 9 | F110: 18 | G110: 3 | H110: 15 | I110: 39 | J110: -31.447 | K110: -71.53 | L110: 5.2 | M110: 45.1 | N110: -32.914889 | O110: -71.232592 | P110: 116 | Q110: 549 | R110: 5.72 | S110: 3 | T110: 37 | U110: 100 | V110: 171 | W110: 53 | X110: 83 | Y110: 165.17271 | Z110: 171.24985 | AA110: 171.23502 | AB110: ID_1182 | AC110: 12 | AD110: =_xlfn.XLOOKUP(B110,EVENTOS!B:B,EVENTOS!M:M,"--",0,1) -> 36 | AE110: 1 | AF110: =_xlfn.XLOOKUP(C110,ESTACIONES!B:B,ESTACIONES!N:N,0,0,1) -> 6.9467602 | AG110: =_xlfn.XLOOKUP(A110,'L y W'!A:A,'L y W'!B:B,0,0,1) -> 0 | AH110: =_xlfn.XLOOKUP(A110,'L y W'!A:A,'L y W'!C:C,0,0,1) -> 0
A111: 1183 | B111: 2015-09-18T4-29-3_Mw_5,0 | C111: C23O | D111: 2015 | E111: 9 | F111: 18 | G111: 4 | H111: 29 | I111: 3 | J111: -31.666 | K111: -71.654 | L111: 5 | M111: 33.7 | N111: -31.783711 | O111: -70.969739 | P111: 458 | Q111: 751 | R111: 2.1 | S111: 5 | T111: 41 | U111: 90 | V111: 185 | W111: 49 | X111: 90 | Y111: 66.150596 | Z111: 74.449112 | AA111: 74.277451 | AB111: ID_1183 | AC111: 8 | AD111: =_xlfn.XLOOKUP(B111,EVENTOS!B:B,EVENTOS!M:M,"--",0,1) -> 37 | AE111: 1 | AF111: =_xlfn.XLOOKUP(C111,ESTACIONES!B:B,ESTACIONES!N:N,0,0,1) -> 4.6375108 | AG111: =_xlfn.XLOOKUP(A111,'L y W'!A:A,'L y W'!B:B,0,0,1) -> 0 | AH111: =_xlfn.XLOOKUP(A111,'L y W'!A:A,'L y W'!C:C,0,0,1) -> 0
A112: 1185 | B112: 2015-09-18T9-10-40_Mw_6,0 | C112: C23O | D112: 2015 | E112: 9 | F112: 18 | G112: 9 | H112: 10 | I112: 40 | J112: -32.06 | K112: -72.102 | L112: 6 | M112: 33 | N112: -31.783711 | O112: -70.969739 | P112: 458 | Q112: 751 | R112: 2.1 | S112: 347 | T112: 24 | U112: 81 | V112: 177 | W112: 67 | X112: 94 | Y112: 111.37726 | Z112: 116.29416 | AA112: 112.59646 | AB112: ID_1185 | AC112: 8 | AD112: =_xlfn.XLOOKUP(B112,EVENTOS!B:B,EVENTOS!M:M,"--",0,1) -> 38 | AE112: 1 | AF112: =_xlfn.XLOOKUP(C112,ESTACIONES!B:B,ESTACIONES!N:N,0,0,1) -> 4.6375108 | AG112: =_xlfn.XLOOKUP(A112,'L y W'!A:A,'L y W'!B:B,0,0,1) -> 9.7948999 | AH112: =_xlfn.XLOOKUP(A112,'L y W'!A:A,'L y W'!C:C,0,0,1) -> 8.7297137
A113: 1186 | B113: 2015-09-18T9-10-40_Mw_6,0 | C113: R13M | D113: 2015 | E113: 9 | F113: 18 | G113: 9 | H113: 10 | I113: 40 | J113: -32.06 | K113: -72.102 | L113: 6 | M113: 33 | N113: -33.215583 | O113: -70.766861 | P113: 0 | Q113: 401 | R113: 1.31 | S113: 347 | T113: 24 | U113: 81 | V113: 177 | W113: 67 | X113: 94 | Y113: 179.21128 | Z113: 182.22427 | AA113: 176.95969 | AB113: ID_1186 | AC113: 11 | AD113: =_xlfn.XLOOKUP(B113,EVENTOS!B:B,EVENTOS!M:M,"--",0,1) -> 38 | AE113: 1 | AF113: =_xlfn.XLOOKUP(C113,ESTACIONES!B:B,ESTACIONES!N:N,0,0,1) -> 2.7481273 | AG113: =_xlfn.XLOOKUP(A113,'L y W'!A:A,'L y W'!B:B,0,0,1) -> 9.7948999 | AH113: =_xlfn.XLOOKUP(A113,'L y W'!A:A,'L y W'!C:C,0,0,1) -> 8.7297137
A114: 1187 | B114: 2015-09-18T9-10-40_Mw_6,0 | C114: R21M | D114: 2015 | E114: 9 | F114: 18 | G114: 9 | H114: 10 | I114: 40 | J114: -32.06 | K114: -72.102 | L114: 6 | M114: 33 | N114: -33.380861 | O114: -70.796167 | P114: 0 | Q114: 471 | R114: 1.4 | S114: 347 | T114: 24 | U114: 81 | V114: 177 | W114: 67 | X114: 94 | Y114: 190.89694 | Z114: 193.72827 | AA114: 188.52759 | AB114: ID_1187 | AC114: 32 | AD114: =_xlfn.XLOOKUP(B114,EVENTOS!B:B,EVENTOS!M:M,"--",0,1) -> 38 | AE114: 1 | AF114: =_xlfn.XLOOKUP(C114,ESTACIONES!B:B,ESTACIONES!N:N,0,0,1) -> 5.2193509 | AG114: =_xlfn.XLOOKUP(A114,'L y W'!A:A,'L y W'!B:B,0,0,1) -> 9.7948999 | AH114: =_xlfn.XLOOKUP(A114,'L y W'!A:A,'L y W'!C:C,0,0,1) -> 8.7297137
A115: 1188 | B115: 2015-09-18T9-10-40_Mw_6,0 | C115: V09A | D115: 2015 | E115: 9 | F115: 18 | G115: 9 | H115: 10 | I115: 40 | J115: -32.06 | K115: -72.102 | L115: 6 | M115: 33 | N115: -33.048061 | O115: -71.6045 | P115: 0 | Q115: 317 | R115: 1.61 | S115: 347 | T115: 24 | U115: 81 | V115: 177 | W115: 67 | X115: 94 | Y115: 119.11882 | Z115: 123.60539 | AA115: 118.9221 | AB115: ID_1188 | AC115: 36 | AD115: =_xlfn.XLOOKUP(B115,EVENTOS!B:B,EVENTOS!M:M,"--",0,1) -> 38 | AE115: 1 | AF115: =_xlfn.XLOOKUP(C115,ESTACIONES!B:B,ESTACIONES!N:N,0,0,1) -> 4.3116963 | AG115: =_xlfn.XLOOKUP(A115,'L y W'!A:A,'L y W'!B:B,0,0,1) -> 9.7948999 | AH115: =_xlfn.XLOOKUP(A115,'L y W'!A:A,'L y W'!C:C,0,0,1) -> 8.7297137
A116: 119 | B116: 2014-03-23T18-20-0_Mw_6,1 | C116: HMBCX | D116: 2014 | E116: 3 | F116: 23 | G116: 18 | H116: 20 | I116: 0 | J116: -19.794 | K116: -70.943 | L116: 6.1 | M116: 33.8 | N116: -20.27822 | O116: -69.88791 | P116: 0 | Q116: 677 | R116: 1.28 | S116: -- | T116: -- | U116: -- | V116: -- | W116: -- | X116: -- | Y116: 122.71377 | Z116: 127.28358 | AA116: 128.265 | AB116: ID_119 | AC116: 43 | AD116: =_xlfn.XLOOKUP(B116,EVENTOS!B:B,EVENTOS!M:M,"--",0,1) -> 34 | AE116: 1 | AF116: =_xlfn.XLOOKUP(C116,ESTACIONES!B:B,ESTACIONES!N:N,0,0,1) -> 1.84667 | AG116: =_xlfn.XLOOKUP(A116,'L y W'!A:A,'L y W'!B:B,0,0,1) -> #N/A | AH116: =_xlfn.XLOOKUP(A116,'L y W'!A:A,'L y W'!C:C,0,0,1) -> #N/A
A117: 1190 | B117: 2015-09-19T12-52-20_Mw_6,3 | C117: C11O | D117: 2015 | E117: 9 | F117: 19 | G117: 12 | H117: 52 | I117: 20 | J117: -32.326 | K117: -71.906 | L117: 6.3 | M117: 26.9 | N117: -30.696472 | O117: -70.958889 | P117: 0 | Q117: 402 | R117: 3.22 | S117: 6 | T117: 23 | U117: 98 | V117: 178 | W117: 67 | X117: 87 | Y117: 201.83625 | Z117: 203.62092 | AA117: 194.82379 | AB117: ID_1190 | AC117: 6 | AD117: =_xlfn.XLOOKUP(B117,EVENTOS!B:B,EVENTOS!M:M,"--",0,1) -> 39 | AE117: 1 | AF117: =_xlfn.XLOOKUP(C117,ESTACIONES!B:B,ESTACIONES!N:N,0,0,1) -> 2.3463048 | AG117: =_xlfn.XLOOKUP(A117,'L y W'!A:A,'L y W'!B:B,0,0,1) -> 14.969249 | AH117: =_xlfn.XLOOKUP(A117,'L y W'!A:A,'L y W'!C:C,0,0,1) -> 11.789625
A118: 1192 | B118: 2015-09-19T12-52-20_Mw_6,3 | C118: C23O | D118: 2015 | E118: 9 | F118: 19 | G118: 12 | H118: 52 | I118: 20 | J118: -32.326 | K118: -71.906 | L118: 6.3 | M118: 26.9 | N118: -31.783711 | O118: -70.969739 | P118: 458 | Q118: 751 | R118: 2.1 | S118: 6 | T118: 23 | U118: 98 | V118: 178 | W118: 67 | X118: 87 | Y118: 106.92749 | Z118: 110.37186 | AA118: 102.02889 | AB118: ID_1192 | AC118: 8 | AD118: =_xlfn.XLOOKUP(B118,EVENTOS!B:B,EVENTOS!M:M,"--",0,1) -> 39 | AE118: 1 | AF118: =_xlfn.XLOOKUP(C118,ESTACIONES!B:B,ESTACIONES!N:N,0,0,1) -> 4.6375108 | AG118: =_xlfn.XLOOKUP(A118,'L y W'!A:A,'L y W'!B:B,0,0,1) -> 14.969249 | AH118: =_xlfn.XLOOKUP(A118,'L y W'!A:A,'L y W'!C:C,0,0,1) -> 11.789625
A119: 1193 | B119: 2015-09-19T12-52-20_Mw_6,3 | C119: R12M | D119: 2015 | E119: 9 | F119: 19 | G119: 12 | H119: 52 | I119: 20 | J119: -32.326 | K119: -71.906 | L119: 6.3 | M119: 26.9 | N119: -33.388686 | O119: -70.621589 | P119: 0 | Q119: 311 | R119: 0.99 | S119: 6 | T119: 23 | U119: 98 | V119: 178 | W119: 67 | X119: 87 | Y119: 168.35237 | Z119: 170.48792 | AA119: 162.62668 | AB119: ID_1193 | AC119: 26 | AD119: =_xlfn.XLOOKUP(B119,EVENTOS!B:B,EVENTOS!M:M,"--",0,1) -> 39 | AE119: 1 | AF119: =_xlfn.XLOOKUP(C119,ESTACIONES!B:B,ESTACIONES!N:N,0,0,1) -> 5.3601454 | AG119: =_xlfn.XLOOKUP(A119,'L y W'!A:A,'L y W'!B:B,0,0,1) -> 14.969249 | AH119: =_xlfn.XLOOKUP(A119,'L y W'!A:A,'L y W'!C:C,0,0,1) -> 11.789625
A120: 1194 | B120: 2015-09-19T12-52-20_Mw_6,3 | C120: R13M | D120: 2015 | E120: 9 | F120: 19 | G120: 12 | H120: 52 | I120: 20 | J120: -32.326 | K120: -71.906 | L120: 6.3 | M120: 26.9 | N120: -33.215583 | O120: -70.766861 | P120: 0 | Q120: 401 | R120: 1.31 | S120: 6 | T120: 23 | U120: 98 | V120: 178 | W120: 67 | X120: 87 | Y120: 145.3397 | Z120: 147.80812 | AA120: 140.01463 | AB120: ID_1194 | AC120: 11 | AD120: =_xlfn.XLOOKUP(B120,EVENTOS!B:B,EVENTOS!M:M,"--",0,1) -> 39 | AE120: 1 | AF120: =_xlfn.XLOOKUP(C120,ESTACIONES!B:B,ESTACIONES!N:N,0,0,1) -> 2.7481273 | AG120: =_xlfn.XLOOKUP(A120,'L y W'!A:A,'L y W'!B:B,0,0,1) -> 14.969249 | AH120: =_xlfn.XLOOKUP(A120,'L y W'!A:A,'L y W'!C:C,0,0,1) -> 11.789625
A121: 1195 | B121: 2015-09-19T12-52-20_Mw_6,3 | C121: R18M | D121: 2015 | E121: 9 | F121: 19 | G121: 12 | H121: 52 | I121: 20 | J121: -32.326 | K121: -71.906 | L121: 6.3 | M121: 26.9 | N121: -33.508417 | O121: -70.748806 | P121: 0 | Q121: 379 | R121: 2.7 | S121: 6 | T121: 23 | U121: 98 | V121: 178 | W121: 67 | X121: 87 | Y121: 170.03473 | Z121: 172.14941 | AA121: 164.00188 | AB121: ID_1195 | AC121: 29 | AD121: =_xlfn.XLOOKUP(B121,EVENTOS!B:B,EVENTOS!M:M,"--",0,1) -> 39 | AE121: 1 | AF121: =_xlfn.XLOOKUP(C121,ESTACIONES!B:B,ESTACIONES!N:N,0,0,1) -> 4.3941768 | AG121: =_xlfn.XLOOKUP(A121,'L y W'!A:A,'L y W'!B:B,0,0,1) -> 14.969249 | AH121: =_xlfn.XLOOKUP(A121,'L y W'!A:A,'L y W'!C:C,0,0,1) -> 11.789625
A122: 1196 | B122: 2015-09-19T12-52-20_Mw_6,3 | C122: R19M | D122: 2015 | E122: 9 | F122: 19 | G122: 12 | H122: 52 | I122: 20 | J122: -32.326 | K122: -71.906 | L122: 6.3 | M122: 26.9 | N122: -33.698472 | O122: -71.217222 | P122: 0 | Q122: 471 | R122: 1.4 | S122: 6 | T122: 23 | U122: 98 | V122: 178 | W122: 67 | X122: 87 | Y122: 165.25942 | Z122: 167.43442 | AA122: 158.96698 | AB122: ID_1196 | AC122: 30 | AD122: =_xlfn.XLOOKUP(B122,EVENTOS!B:B,EVENTOS!M:M,"--",0,1) -> 39 | AE122: 1 | AF122: =_xlfn.XLOOKUP(C122,ESTACIONES!B:B,ESTACIONES!N:N,0,0,1) -> 3.8222134 | AG122: =_xlfn.XLOOKUP(A122,'L y W'!A:A,'L y W'!B:B,0,0,1) -> 14.969249 | AH122: =_xlfn.XLOOKUP(A122,'L y W'!A:A,'L y W'!C:C,0,0,1) -> 11.789625
A123: 1197 | B123: 2015-09-19T12-52-20_Mw_6,3 | C123: R21M | D123: 2015 | E123: 9 | F123: 19 | G123: 12 | H123: 52 | I123: 20 | J123: -32.326 | K123: -71.906 | L123: 6.3 | M123: 26.9 | N123: -33.380861 | O123: -70.796167 | P123: 0 | Q123: 471 | R123: 1.4 | S123: 6 | T123: 23 | U123: 98 | V123: 178 | W123: 67 | X123: 87 | Y123: 156.45381 | Z123: 158.7495 | AA123: 150.67635 | AB123: ID_1197 | AC123: 32 | AD123: =_xlfn.XLOOKUP(B123,EVENTOS!B:B,EVENTOS!M:M,"--",0,1) -> 39 | AE123: 1 | AF123: =_xlfn.XLOOKUP(C123,ESTACIONES!B:B,ESTACIONES!N:N,0,0,1) -> 5.2193509 | AG123: =_xlfn.XLOOKUP(A123,'L y W'!A:A,'L y W'!B:B,0,0,1) -> 14.969249 | AH123: =_xlfn.XLOOKUP(A123,'L y W'!A:A,'L y W'!C:C,0,0,1) -> 11.789625
A124: 1198 | B124: 2015-09-19T12-52-20_Mw_6,3 | C124: V01A | D124: 2015 | E124: 9 | F124: 19 | G124: 12 | H124: 52 | I124: 20 | J124: -32.326 | K124: -71.906 | L124: 6.3 | M124: 26.9 | N124: -33.053122 | O124: -71.622031 | P124: 0 | Q124: 642 | R124: 8.48 | S124: 6 | T124: 23 | U124: 98 | V124: 178 | W124: 67 | X124: 87 | Y124: 84.9205 | Z124: 89.079186 | AA124: 81.338699 | AB124: ID_1198 | AC124: 34 | AD124: =_xlfn.XLOOKUP(B124,EVENTOS!B:B,EVENTOS!M:M,"--",0,1) -> 39 | AE124: 1 | AF124: =_xlfn.XLOOKUP(C124,ESTACIONES!B:B,ESTACIONES!N:N,0,0,1) -> 2.7574935 | AG124: =_xlfn.XLOOKUP(A124,'L y W'!A:A,'L y W'!B:B,0,0,1) -> 14.969249 | AH124: =_xlfn.XLOOKUP(A124,'L y W'!A:A,'L y W'!C:C,0,0,1) -> 11.789625
A125: 1199 | B125: 2015-09-19T12-52-20_Mw_6,3 | C125: V02A | D125: 2015 | E125: 9 | F125: 19 | G125: 12 | H125: 52 | I125: 20 | J125: -32.326 | K125: -71.906 | L125: 6.3 | M125: 26.9 | N125: -33.023083 | O125: -71.517833 | P125: 0 | Q125: 622 | R125: 7.28 | S125: 6 | T125: 23 | U125: 98 | V125: 178 | W125: 67 | X125: 87 | Y125: 85.449765 | Z125: 89.583884 | AA125: 81.692589 | AB125: ID_1199 | AC125: 44 | AD125: =_xlfn.XLOOKUP(B125,EVENTOS!B:B,EVENTOS!M:M,"--",0,1) -> 39 | AE125: 1 | AF125: =_xlfn.XLOOKUP(C125,ESTACIONES!B:B,ESTACIONES!N:N,0,0,1) -> 7.8837969 | AG125: =_xlfn.XLOOKUP(A125,'L y W'!A:A,'L y W'!B:B,0,0,1) -> 14.969249 | AH125: =_xlfn.XLOOKUP(A125,'L y W'!A:A,'L y W'!C:C,0,0,1) -> 11.789625
A126: 12 | B126: 2012-05-14T10-0-40_Mw_6,4 | C126: MNMCX | D126: 2012 | E126: 5 | F126: 14 | G126: 10 | H126: 0 | I126: 40 | J126: -18.115 | K126: -70.237 | L126: 6.4 | M126: 119.6 | N126: -19.13108 | O126: -69.59553 | P126: 0 | Q126: 693 | R126: 5.68 | S126: 203 | T126: 25 | U126: -25 | V126: 315 | W126: 80 | X126: -113 | Y126: 131.26697 | Z126: 177.58147 | AA126: 170.65 | AB126: ID_12 | AC126: 45 | AD126: =_xlfn.XLOOKUP(B126,EVENTOS!B:B,EVENTOS!M:M,"--",0,1) -> 40 | AE126: 2 | AF126: =_xlfn.XLOOKUP(C126,ESTACIONES!B:B,ESTACIONES!N:N,0,0,1) -> 2.628879 | AG126: =_xlfn.XLOOKUP(A126,'L y W'!A:A,'L y W'!B:B,0,0,1) -> 26.025555 | AH126: =_xlfn.XLOOKUP(A126,'L y W'!A:A,'L y W'!C:C,0,0,1) -> 13.409111
A127: 120 | B127: 2014-03-23T18-20-0_Mw_6,1 | C127: PB11 | D127: 2014 | E127: 3 | F127: 23 | G127: 18 | H127: 20 | I127: 0 | J127: -19.794 | K127: -70.943 | L127: 6.1 | M127: 33.8 | N127: -19.76096 | O127: -69.65582 | P127: 0 | Q127: 846 | R127: 0.53 | S127: -- | T127: -- | U127: -- | V127: -- | W127: -- | X127: -- | Y127: 134.93716 | Z127: 139.10599 | AA127: 137.995 | AB127: ID_120 | AC127: 46 | AD127: =_xlfn.XLOOKUP(B127,EVENTOS!B:B,EVENTOS!M:M,"--",0,1) -> 34 | AE127: 1 | AF127: =_xlfn.XLOOKUP(C127,ESTACIONES!B:B,ESTACIONES!N:N,0,0,1) -> 3.045747 | AG127: =_xlfn.XLOOKUP(A127,'L y W'!A:A,'L y W'!B:B,0,0,1) -> #N/A | AH127: =_xlfn.XLOOKUP(A127,'L y W'!A:A,'L y W'!C:C,0,0,1) -> #N/A
...

Sheet EVENTOS
A1: ID Ev | B1: Event | C1: Year | D1: Month | E1: Day | F1: Hour | G1: Min | H1: Seg | I1: Lat Ev [°] | J1: Long Ev [°] | K1: Mag | L1: Depth [km] | M1: id_ev_num
A2: ="EV_"&M2 -> EV_1 | B2: 2012-03-03T11-1-47_Mw_5,6 | C2: 2012 | D2: 3 | E2: 3 | F2: 11 | G2: 1 | H2: 47 | I2: -30.189 | J2: -71.448 | K2: 5.6 | L2: 34.6 | M2: 1
A3: ="EV_"&M3 -> EV_2 | B3: 2012-04-01T7-31-36_Mw_5,2 | C3: 2012 | D3: 4 | E3: 1 | F3: 7 | G3: 31 | H3: 36 | I3: -23.056 | J3: -69.316 | K3: 5.2 | L3: 93.8 | M3: 2
A4: ="EV_"&M4 -> EV_3 | B4: 2014-03-16T21-16-29_Mw_6,7 | C4: 2014 | D4: 3 | E4: 16 | F4: 21 | G4: 16 | H4: 29 | I4: -19.965 | J4: -70.814 | K4: 6.7 | L4: 20.6 | M4: 3
A5: ="EV_"&M5 -> EV_4 | B5: 2015-09-17T1-41-5_Mw_6,5 | C5: 2015 | D5: 9 | E5: 17 | F5: 1 | G5: 41 | H5: 5 | I5: -31.113 | J5: -71.651 | K5: 6.5 | L5: 49.5 | M5: 4
A6: ="EV_"&M6 -> EV_5 | B6: 2015-09-17T10-12-53_Mw_5,3 | C6: 2015 | D6: 9 | E6: 17 | F6: 10 | G6: 12 | H6: 53 | I6: -30.536 | J6: -71.632 | K6: 5.3 | L6: 29.7 | M6: 5
A7: ="EV_"&M7 -> EV_6 | B7: 2015-09-17T10-31-25_Mw_5,0 | C7: 2015 | D7: 9 | E7: 17 | F7: 10 | G7: 31 | H7: 25 | I7: -30.933 | J7: -71.459 | K7: 5 | L7: 51.1 | M7: 6
A8: ="EV_"&M8 -> EV_7 | B8: 2015-09-17T12-58-8_Mw_4,9 | C8: 2015 | D8: 9 | E8: 17 | F8: 12 | G8: 58 | H8: 8 | I8: -30.694 | J8: -71.559 | K8: 4.9 | L8: 31.9 | M8: 7
A9: ="EV_"&M9 -> EV_8 | B9: 2015-09-17T13-32-26_Mw_6,0 | C9: 2015 | D9: 9 | E9: 17 | F9: 13 | G9: 32 | H9: 26 | I9: -32.143 | J9: -72.173 | K9: 6 | L9: 33.6 | M9: 8
A10: ="EV_"&M10 -> EV_9 | B10: 2015-09-17T16-46-23_Mw_5,0 | C10: 2015 | D10: 9 | E10: 17 | F10: 16 | G10: 46 | H10: 23 | I10: -31.504 | J10: -71.737 | K10: 5 | L10: 41.8 | M10: 9
A11: ="EV_"&M11 -> EV_10 | B11: 2015-09-17T16-52-20_Mw_5,3 | C11: 2015 | D11: 9 | E11: 17 | F11: 16 | G11: 52 | H11: 20 | I11: -29.935 | J11: -71.961 | K11: 5.3 | L11: 30 | M11: 10
A12: ="EV_"&M12 -> EV_11 | B12: 2015-09-17T16-8-9_Mw_5,3 | C12: 2015 | D12: 9 | E12: 17 | F12: 16 | G12: 8 | H12: 9 | I12: -29.854 | J12: -70.485 | K12: 5.3 | L12: 39.2 | M12: 11
A13: ="EV_"&M13 -> EV_12 | B13: 2015-09-17T17-32-20_Mw_4,8 | C13: 2015 | D13: 9 | E13: 17 | F13: 17 | G13: 32 | H13: 20 | I13: -30.684 | J13: -71.614 | K13: 4.8 | L13: 33.3 | M13: 12
... A789: ="EV_"&M789 -> EV_788 | B789: 2015-09-17T0-6-18_Mw_5,3 | C789: 2015 | D789: 9 | E789: 17 | F789: 0 | G789: 6 | H789: 18 | I789: -30.996 | J789: -71.478 | K789: 5.3 | L789: 38.4 | M789: 788

Sheet ESTACIONES
A1: ID Est | B1: Est | C1: Lat Est [°] | D1: Long Est [°] | E1: Elevación [m] | F1: Vs30 [m/s] | G1: F0 [Hz] | H1: F0 calc | I1: F0 def | J1: id_n_est | K1: k_0 | L1: k_R | M1: kappa | N1: A0
A2: EST_1 | B2: GO04 | C2: -30.1727 | D2: -70.7993 | E2: 0 | F2: 405 | G2: 1.64 | H2: -- | I2: 1.64 | J2: =1 -> 1 | K2: =(_xlfn.XLOOKUP(B2,Hoja1!A:A,Hoja1!G:G,"--",0,1)) -> 0.048 | L2: =_xlfn.XLOOKUP(B2,Hoja1!A:A,Hoja1!H:H,"--",0,1) -> 8.616e-05 | M2: =IF(K2="--",POWER(10,-0.2233*LOG10(I2)-2.901),"--") -> -- | N2: =_xlfn.XLOOKUP(B2,f0_a0!A:A,f0_a0!C:C,0,0,1) -> 5.4872095
A3: EST_2 | B3: PB06 | C3: -22.7058 | D3: -69.57188 | E3: 0 | F3: 736 | G3: 7.94 | H3: -- | I3: 7.94 | J3: =J2+1 -> 2 | K3: =(_xlfn.XLOOKUP(B3,Hoja1!A:A,Hoja1!G:G,"--",0,1)) -> 0.006 | L3: =_xlfn.XLOOKUP(B3,Hoja1!A:A,Hoja1!H:H,"--",0,1) -> 0.00014789 | M3: =IF(K3="--",POWER(10,-0.2233*LOG10(I3)-2.901),"--") -> -- | N3: =_xlfn.XLOOKUP(B3,f0_a0!A:A,f0_a0!C:C,0,0,1) -> 1.793958
A4: EST_3 | B4: T03A | C4: -20.23034 | D4: -70.14592 | E4: 0 | F4: 635 | G4: 7.01 | H4: -- | I4: 7.01 | J4: =J3+1 -> 3 | K4: =(_xlfn.XLOOKUP(B4,Hoja1!A:A,Hoja1!G:G,"--",0,1)) -> -- | L4: =_xlfn.XLOOKUP(B4,Hoja1!A:A,Hoja1!H:H,"--",0,1) -> -- | M4: =IF(K4="--",POWER(10,-0.2233*LOG10(I4)-2.901),"--") -> 0.00081311349 | N4: =_xlfn.XLOOKUP(B4,f0_a0!A:A,f0_a0!C:C,0,0,1) -> 6.1460543
A5: EST_4 | B5: T06A | C5: -20.2142 | D5: -70.13789 | E5: 0 | F5: 276 | G5: 1.67 | H5: -- | I5: 1.67 | J5: =J4+1 -> 4 | K5: =(_xlfn.XLOOKUP(B5,Hoja1!A:A,Hoja1!G:G,"--",0,1)) -> -- | L5: =_xlfn.XLOOKUP(B5,Hoja1!A:A,Hoja1!H:H,"--",0,1) -> -- | M5: =IF(K5="--",POWER(10,-0.2233*LOG10(I5)-2.901),"--") -> 0.0011201274 | N5: =_xlfn.XLOOKUP(B5,f0_a0!A:A,f0_a0!C:C,0,0,1) -> 1.8913069
A6: EST_5 | B6: C10O | C6: -30.23387 | D6: -71.08159 | E6: 1032 | F6: 517 | G6: 6.5 | H6: -- | I6: 6.5 | J6: =J5+1 -> 5 | K6: =(_xlfn.XLOOKUP(B6,Hoja1!A:A,Hoja1!G:G,"--",0,1)) -> -- | L6: =_xlfn.XLOOKUP(B6,Hoja1!A:A,Hoja1!H:H,"--",0,1) -> -- | M6: =IF(K6="--",POWER(10,-0.2233*LOG10(I6)-2.901),"--") -> 0.00082694466 | N6: =_xlfn.XLOOKUP(B6,f0_a0!A:A,f0_a0!C:C,0,0,1) -> 2.3356473
A7: EST_6 | B7: C11O | C7: -30.696472 | D7: -70.958889 | E7: 0 | F7: 402 | G7: 3.22 | H7: -- | I7: 3.22 | J7: =J6+1 -> 6 | K7: =(_xlfn.XLOOKUP(B7,Hoja1!A:A,Hoja1!G:G,"--",0,1)) -> -- | L7: =_xlfn.XLOOKUP(B7,Hoja1!A:A,Hoja1!H:H,"--",0,1) -> -- | M7: =IF(K7="--",POWER(10,-0.2233*LOG10(I7)-2.901),"--") -> 0.00096737706 | N7: =_xlfn.XLOOKUP(B7,f0_a0!A:A,f0_a0!C:C,0,0,1) -> 2.3463048
A8: EST_7 | B8: T08A | C8: -20.27016 | D8: -70.09414 | E8: 0 | F8: 680 | G8: 14.35 | H8: -- | I8: 14.35 | J8: =J7+1 -> 7 | K8: =(_xlfn.XLOOKUP(B8,Hoja1!A:A,Hoja1!G:G,"--",0,1)) -> -- | L8: =_xlfn.XLOOKUP(B8,Hoja1!A:A,Hoja1!H:H,"--",0,1) -> -- | M8: =IF(K8="--",POWER(10,-0.2233*LOG10(I8)-2.901),"--") -> 0.00069290703 | N8: =_xlfn.XLOOKUP(B8,f0_a0!A:A,f0_a0!C:C,0,0,1) -> 1.8458396
A9: EST_8 | B9: C23O | C9: -31.783711 | D9: -70.969739 | E9: 458 | F9: 751 | G9: 2.1 | H9: -- | I9: 2.1 | J9: =J8+1 -> 8 | K9: =(_xlfn.XLOOKUP(B9,Hoja1!A:A,Hoja1!G:G,"--",0,1)) -> -- | L9: =_xlfn.XLOOKUP(B9,Hoja1!A:A,Hoja1!H:H,"--",0,1) -> -- | M9: =IF(K9="--",POWER(10,-0.2233*LOG10(I9)-2.901),"--") -> 0.0010642617 | N9: =_xlfn.XLOOKUP(B9,f0_a0!A:A,f0_a0!C:C,0,0,1) -> 4.6375108
A10: EST_9 | B10: C26O | C10: -30.25898 | D10: -71.49046 | E10: 10 | F10: 364 | G10: 1.87 | H10: -- | I10: 1.87 | J10: =J9+1 -> 9 | K10: =(_xlfn.XLOOKUP(B10,Hoja1!A:A,Hoja1!G:G,"--",0,1)) -> -- | L10: =_xlfn.XLOOKUP(B10,Hoja1!A:A,Hoja1!H:H,"--",0,1) -> -- | M10: =IF(K10="--",POWER(10,-0.2233*LOG10(I10)-2.901),"--") -> 0.0010921889 | N10: =_xlfn.XLOOKUP(B10,f0_a0!A:A,f0_a0!C:C,0,0,1) -> 4.3052866
A11: EST_10 | B11: C32O | C11: -30.854861 | D11: -70.707333 | E11: 903 | F11: 578 | G11: 6.51 | H11: -- | I11: 6.51 | J11: =J10+1 -> 10 | K11: =(_xlfn.XLOOKUP(B11,Hoja1!A:A,Hoja1!G:G,"--",0,1)) -> -- | L11: =_xlfn.XLOOKUP(B11,Hoja1!A:A,Hoja1!H:H,"--",0,1) -> -- | M11: =IF(K11="--",POWER(10,-0.2233*LOG10(I11)-2.901),"--") -> 0.00082666084 | N11: =_xlfn.XLOOKUP(B11,f0_a0!A:A,f0_a0!C:C,0,0,1) -> 2.2846909
A12: EST_11 | B12: R13M | C12: -33.215583 | D12: -70.766861 | E12: 0 | F12: 401 | G12: 1.31 | H12: -- | I12: 1.31 | J12: =J11+1 -> 11 | K12: =(_xlfn.XLOOKUP(B12,Hoja1!A:A,Hoja1!G:G,"--",0,1)) -> -- | L12: =_xlfn.XLOOKUP(B12,Hoja1!A:A,Hoja1!H:H,"--",0,1) -> -- | M12: =IF(K12="--",POWER(10,-0.2233*LOG10(I12)-2.901),"--") -> 0.0011825331 | N12: =_xlfn.XLOOKUP(B12,f0_a0!A:A,f0_a0!C:C,0,0,1) -> 2.7481273
A13: EST_12 | B13: V15A | C13: -32.914889 | D13: -71.232592 | E13: 116 | F13: 549 | G13: 5.72 | H13: -- | I13: 5.72 | J13: =J12+1 -> 12 | K13: =(_xlfn.XLOOKUP(B13,Hoja1!A:A,Hoja1!G:G,"--",0,1)) -> -- | L13: =_xlfn.XLOOKUP(B13,Hoja1!A:A,Hoja1!H:H,"--",0,1) -> -- | M13: =IF(K13="--",POWER(10,-0.2233*LOG10(I13)-2.901),"--") -> 0.00085089009 | N13: =_xlfn.XLOOKUP(B13,f0_a0!A:A,f0_a0!C:C,0,0,1) -> 6.9467602
A14: EST_13 | B14: T09A | C14: -19.59571 | D14: -70.21078 | E14: 0 | F14: 826 | G14: 25 | H14: -- | I14: 25 | J14: =J13+1 -> 13 | K14: =(_xlfn.XLOOKUP(B14,Hoja1!A:A,Hoja1!G:G,"--",0,1)) -> 0.012 | L14: =_xlfn.XLOOKUP(B14,Hoja1!A:A,Hoja1!H:H,"--",0,1) -> 0.00014141 | M14: =IF(K14="--",POWER(10,-0.2233*LOG10(I14)-2.901),"--") -> -- | N14: =_xlfn.XLOOKUP(B14,f0_a0!A:A,f0_a0!C:C,0,0,1) -> 3.024097
... A18: EST_17 | B18: C20O | C18: -29.96818 | D18: -71.33736 | E18: 52 | F18: 1106 | G18: 1.24 | H18: -- | I18: 1.24 | J18: =J17+1 -> 17 | K18: =(_xlfn.XLOOKUP(B18,Hoja1!A:A,Hoja1!G:G,"--",0,1)) -> -- | L18: =_xlfn.XLOOKUP(B18,Hoja1!A:A,Hoja1!H:H,"--",0,1) -> -- | M18: =IF(K18="--",POWER(10,-0.2233*LOG10(I18)-2.901),"--") -> 0.0011971234 | N18: =_xlfn.XLOOKUP(B18,f0_a0!A:A,f0_a0!C:C,0,0,1) -> 4.0819377
A19: EST_18 | B19: C22O | C19: -29.96551 | D19: -71.35111 | E19: 36 | F19: 1228 | G19: -- | H19: 6.4838235 | I19: 6.4838235 | J19: =J18+1 -> 18 | K19: =(_xlfn.XLOOKUP(B19,Hoja1!A:A,Hoja1!G:G,"--",0,1)) -> -- | L19: =_xlfn.XLOOKUP(B19,Hoja1!A:A,Hoja1!H:H,"--",0,1) -> -- | M19: =IF(K19="--",POWER(10,-0.2233*LOG10(I19)-2.901),"--") -> 0.00082740491 | N19: =_xlfn.XLOOKUP(B19,f0_a0!A:A,f0_a0!C:C,0,0,1) -> 1.6562574
A20: EST_19 | B20: C09O | C20: -29.51064 | D20: -71.20036 | E20: 0 | F20: 576 | G20: 5.77 | H20: -- | I20: 5.77 | J20: =J19+1 -> 19 | K20: =(_xlfn.XLOOKUP(B20,Hoja1!A:A,Hoja1!G:G,"--",0,1)) -> -- | L20: =_xlfn.XLOOKUP(B20,Hoja1!A:A,Hoja1!H:H,"--",0,1) -> -- | M20: =IF(K20="--",POWER(10,-0.2233*LOG10(I20)-2.901),"--") -> 0.00084923804 | N20: =_xlfn.XLOOKUP(B20,f0_a0!A:A,f0_a0!C:C,0,0,1) -> 3.0510065
A21: EST_20 | B21: PB15 | C21: -23.208335 | D21: -69.47092 | E21: 0 | F21: 532 | G21: 2.22 | H21: -- | I21: 2.22 | J21: =J20+1 -> 20 | K21: =(_xlfn.XLOOKUP(B21,Hoja1!A:A,Hoja1!G:G,"--",0,1)) -> 0.012 | L21: =_xlfn.XLOOKUP(B21,Hoja1!A:A,Hoja1!H:H,"--",0,1) -> 7.94e-05 | M21: =IF(K21="--",POWER(10,-0.2233*LOG10(I21)-2.901),"--") -> -- | N21: =_xlfn.XLOOKUP(B21,f0_a0!A:A,f0_a0!C:C,0,0,1) -> 3.4503543
A22: EST_21 | B22: CO03 | C22: -30.8389 | D22: -70.6891 | E22: 0 | F22: 639 | G22: 7.79 | H22: -- | I22: 7.79 | J22: =J21+1 -> 21 | K22: =(_xlfn.XLOOKUP(B22,Hoja1!A:A,Hoja1!G:G,"--",0,1)) -> 0.005 | L22: =_xlfn.XLOOKUP(B22,Hoja1!A:A,Hoja1!H:H,"--",0,1) -> 0.00017845 | M22: =IF(K22="--",POWER(10,-0.2233*LOG10(I22)-2.901),"--") -> -- | N22: =_xlfn.XLOOKUP(B22,f0_a0!A:A,f0_a0!C:C,0,0,1) -> 2.3804747
A23: EST_22 | B23: C19O | C23: -30.09348 | D23: -71.36893 | E23: 71 | F23: 1106 | G23: -- | H23: 11.015885 | I23: 11.015885 | J23: =J22+1 -> 22 | K23: =(_xlfn.XLOOKUP(B23,Hoja1!A:A,Hoja1!G:G,"--",0,1)) -> -- | L23: =_xlfn.XLOOKUP(B23,Hoja1!A:A,Hoja1!H:H,"--",0,1) -> -- | M23: =IF(K23="--",POWER(10,-0.2233*LOG10(I23)-2.901),"--") -> 0.00073505031 | N23: =_xlfn.XLOOKUP(B23,f0_a0!A:A,f0_a0!C:C,0,0,1) -> 2.4171959
A24: EST_23 | B24: C33O | C24: -29.91071 | D24: -71.25082 | E24: 30 | F24: 587 | G24: 3.2 | H24: -- | I24: 3.2 | J24: =J23+1 -> 23 | K24: =(_xlfn.XLOOKUP(B24,Hoja1!A:A,Hoja1!G:G,"--",0,1)) -> -- | L24: =_xlfn.XLOOKUP(B24,Hoja1!A:A,Hoja1!H:H,"--",0,1) -> -- | M24: =IF(K24="--",POWER(10,-0.2233*LOG10(I24)-2.901),"--") -> 0.00096872389 | N24: =_xlfn.XLOOKUP(B24,f0_a0!A:A,f0_a0!C:C,0,0,1) -> 2.8545474
A25: EST_24 | B25: MT05 | C25: -33.3919 | D25: -70.7381 | E25: 765 | F25: 496 | G25: 3.08 | H25: -- | I25: 3.08 | J25: =J24+1 -> 24 | K25: =(_xlfn.XLOOKUP(B25,Hoja1!A:A,Hoja1!G:G,"--",0,1)) -> 0.076 | L25: =_xlfn.XLOOKUP(B25,Hoja1!A:A,Hoja1!H:H,"--",0,1) -> −0.00012444 | M25: =IF(K25="--",POWER(10,-0.2233*LOG10(I25)-2.901),"--") -> -- | N25: =_xlfn.XLOOKUP(B25,f0_a0!A:A,f0_a0!C:C,0,0,1) -> 4.0076178
A26: EST_25 | B26: R02M | C26: -33.472778 | D26: -70.659722 | E26: 0 | F26: 724 | G26: -- | H26: 2.30625 | I26: 2.30625 | J26: =J25+1 -> 25 | K26: =(_xlfn.XLOOKUP(B26,Hoja1!A:A,Hoja1!G:G,"--",0,1)) -> -- | L26: =_xlfn.XLOOKUP(B26,Hoja1!A:A,Hoja1!H:H,"--",0,1) -> -- | M26: =IF(K26="--",POWER(10,-0.2233*LOG10(I26)-2.901),"--") -> 0.0010422286 | N26: =_xlfn.XLOOKUP(B26,f0_a0!A:A,f0_a0!C:C,0,0,1) -> 2.0081271
A27: EST_26 | B27: R12M | C27: -33.388686 | D27: -70.621589 | E27: 0 | F27: 311 | G27: 0.99 | H27: -- | I27: 0.99 | J27: =J26+1 -> 26 | K27: =(_xlfn.XLOOKUP(B27,Hoja1!A:A,Hoja1!G:G,"--",0,1)) -> -- | L27: =_xlfn.XLOOKUP(B27,Hoja1!A:A,Hoja1!H:H,"--",0,1) -> -- | M27: =IF(K27="--",POWER(10,-0.2233*LOG10(I27)-2.901),"--") -> 0.001258852 | N27: =_xlfn.XLOOKUP(B27,f0_a0!A:A,f0_a0!C:C,0,0,1) -> 5.3601454
A28: EST_27 | B28: R14M | C28: -33.397111 | D28: -70.546306 | E28: 0 | F28: 635 | G28: -- | H28: 12.403571 | I28: 12.403571 | J28: =J27+1 -> 27 | K28: =(_xlfn.XLOOKUP(B28,Hoja1!A:A,Hoja1!G:G,"--",0,1)) -> -- | L28: =_xlfn.XLOOKUP(B28,Hoja1!A:A,Hoja1!H:H,"--",0,1) -> -- | M28: =IF(K28="--",POWER(10,-0.2233*LOG10(I28)-2.901),"--") -> 0.00071583184 | N28: =_xlfn.XLOOKUP(B28,f0_a0!A:A,f0_a0!C:C,0,0,1) -> 2.3330902
A29: EST_28 | B29: R16M | C29: -33.4 | D29: -70.658639 | E29: 0 | F29: 353 | G29: 0.51 | H29: -- | I29: 0.51 | J29: =J28+1 -> 28 | K29: =(_xlfn.XLOOKUP(B29,Hoja1!A:A,Hoja1!G:G,"--",0,1)) -> -- | L29: =_xlfn.XLOOKUP(B29,Hoja1!A:A,Hoja1!H:H,"--",0,1) -> -- | M29: =IF(K29="--",POWER(10,-0.2233*LOG10(I29)-2.901),"--") -> 0.0014598209 | N29: =_xlfn.XLOOKUP(B29,f0_a0!A:A,f0_a0!C:C,0,0,1) -> 2.9225477
A30: EST_29 | B30: R18M | C30: -33.508417 | D30: -70.748806 | E30: 0 | F30: 379 | G30: 2.7 | H30: -- | I30: 2.7 | J30: =J29+1 -> 29 | K30: =(_xlfn.XLOOKUP(B30,Hoja1!A:A,Hoja1!G:G,"--",0,1)) -> -- | L30: =_xlfn.XLOOKUP(B30,Hoja1!A:A,Hoja1!H:H,"--",0,1) -> -- | M30: =IF(K30="--",POWER(10,-0.2233*LOG10(I30)-2.901),"--") -> 0.0010061818 | N30: =_xlfn.XLOOKUP(B30,f0_a0!A:A,f0_a0!C:C,0,0,1) -> 4.3941768
A31: EST_30 | B31: R19M | C31: -33.698472 | D31: -71.217222 | E31: 0 | F31: 471 | G31: 1.4 | H31: -- | I31: 1.4 | J31: =J30+1 -> 30 | K31: =(_xlfn.XLOOKUP(B31,Hoja1!A:A,Hoja1!G:G,"--",0,1)) -> -- | L31: =_xlfn.XLOOKUP(B31,Hoja1!A:A,Hoja1!H:H,"--",0,1) -> -- | M31: =IF(K31="--",POWER(10,-0.2233*LOG10(I31)-2.901),"--") -> 0.0011651172 | N31: =_xlfn.XLOOKUP(B31,f0_a0!A:A,f0_a0!C:C,0,0,1) -> 3.8222134
A32: EST_31 | B32: R20M | C32: -33.665194 | D32: -70.929333 | E32: 0 | F32: 471 | G32: 1.4 | H32: -- | I32: 1.4 | J32: =J31+1 -> 31 | K32: =(_xlfn.XLOOKUP(B32,Hoja1!A:A,Hoja1!G:G,"--",0,1)) -> -- | L32: =_xlfn.XLOOKUP(B32,Hoja1!A:A,Hoja1!H:H,"--",0,1) -> -- | M32: =IF(K32="--",POWER(10,-0.2233*LOG10(I32)-2.901),"--") -> 0.0011651172 | N32: =_xlfn.XLOOKUP(B32,f0_a0!A:A,f0_a0!C:C,0,0,1) -> 2.478751
A33: EST_32 | B33: R21M | C33: -33.380861 | D33: -70.796167 | E33: 0 | F33: 471 | G33: 1.4 | H33: -- | I33: 1.4 | J33: =J32+1 -> 32 | K33: =(_xlfn.XLOOKUP(B33,Hoja1!A:A,Hoja1!G:G,"--",0,1)) -> -- | L33: =_xlfn.XLOOKUP(B33,Hoja1!A:A,Hoja1!H:H,"--",0,1) -> -- | M33: =IF(K33="--",POWER(10,-0.2233*LOG10(I33)-2.901),"--") -> 0.0011651172 | N33: =_xlfn.XLOOKUP(B33,f0_a0!A:A,f0_a0!C:C,0,0,1) -> 5.2193509
A34: EST_33 | B34: ROC1 | C34: -32.9756 | D34: -71.0156 | E34: 0 | F34: 1951 | G34: 9.9 | H34: -- | I34: 9.9 | J34: =J33+1 -> 33 | K34: =(_xlfn.XLOOKUP(B34,Hoja1!A:A,Hoja1!G:G,"--",0,1)) -> 0.047 | L34: =_xlfn.XLOOKUP(B34,Hoja1!A:A,Hoja1!H:H,"--",0,1) -> 1.255e-05 | M34: =IF(K34="--",POWER(10,-0.2233*LOG10(I34)-2.901),"--") -> -- | N34: =_xlfn.XLOOKUP(B34,f0_a0!A:A,f0_a0!C:C,0,0,1) -> 2.9839397
A35: EST_34 | B35: V01A | C35: -33.053122 | D35: -71.622031 | E35: 0 | F35: 642 | G35: 8.48 | H35: -- | I35: 8.48 | J35: =J34+1 -> 34 | K35: =(_xlfn.XLOOKUP(B35,Hoja1!A:A,Hoja1!G:G,"--",0,1)) -> -- | L35: =_xlfn.XLOOKUP(B35,Hoja1!A:A,Hoja1!H:H,"--",0,1) -> -- | M35: =IF(K35="--",POWER(10,-0.2233*LOG10(I35)-2.901),"--") -> 0.00077927224 | N35: =_xlfn.XLOOKUP(B35,f0_a0!A:A,f0_a0!C:C,0,0,1) -> 2.7574935
A36: EST_35 | B36: V07A | C36: -33.365428 | D36: -71.669036 | E36: 0 | F36: 549 | G36: 5.72 | H36: -- | I36: 5.72 | J36: =J35+1 -> 35 | K36: =(_xlfn.XLOOKUP(B36,Hoja1!A:A,Hoja1!G:G,"--",0,1)) -> -- | L36: =_xlfn.XLOOKUP(B36,Hoja1!A:A,Hoja1!H:H,"--",0,1) -> -- | M36: =IF(K36="--",POWER(10,-0.2233*LOG10(I36)-2.901),"--") -> 0.00085089009 | N36: =_xlfn.XLOOKUP(B36,f0_a0!A:A,f0_a0!C:C,0,0,1) -> 3.4777015
A37: EST_36 | B37: V09A | C37: -33.048061 | D37: -71.6045 | E37: 0 | F37: 317 | G37: 1.61 | H37: -- | I37: 1.61 | J37: =J36+1 -> 36 | K37: =(_xlfn.XLOOKUP(B37,Hoja1!A:A,Hoja1!G:G,"--",0,1)) -> -- | L37: =_xlfn.XLOOKUP(B37,Hoja1!A:A,Hoja1!H:H,"--",0,1) -> -- | M37: =IF(K37="--",POWER(10,-0.2233*LOG10(I37)-2.901),"--") -> 0.0011293168 | N37: =_xlfn.XLOOKUP(B37,f0_a0!A:A,f0_a0!C:C,0,0,1) -> 4.3116963
A38: EST_37 | B38: V16A | C38: -33.590583 | D38: -71.604611 | E38: 0 | F38: 477 | G38: 5.6 | H38: -- | I38: 5.6 | J38: =J37+1 -> 37 | K38: =(_xlfn.XLOOKUP(B38,Hoja1!A:A,Hoja1!G:G,"--",0,1)) -> -- | L38: =_xlfn.XLOOKUP(B38,Hoja1!A:A,Hoja1!H:H,"--",0,1) -> -- | M38: =IF(K38="--",POWER(10,-0.2233*LOG10(I38)-2.901),"--") -> 0.00085492814 | N38: =_xlfn.XLOOKUP(B38,f0_a0!A:A,f0_a0!C:C,0,0,1) -> 7.3998645
A39: EST_38 | B39: V17A | C39: -33.605484 | D39: -71.61432 | E39: 0 | F39: 281 | G39: 0.95 | H39: -- | I39: 0.95 | J39: =J38+1 -> 38 | K39: =(_xlfn.XLOOKUP(B39,Hoja1!A:A,Hoja1!G:G,"--",0,1)) -> -- | L39: =_xlfn.XLOOKUP(B39,Hoja1!A:A,Hoja1!H:H,"--",0,1) -> -- | M39: =IF(K39="--",POWER(10,-0.2233*LOG10(I39)-2.901),"--") -> 0.001270499 | N39: =_xlfn.XLOOKUP(B39,f0_a0!A:A,f0_a0!C:C,0,0,1) -> 5.2237149
A40: EST_39 | B40: V22A | C40: -33.020206 | D40: -71.635775 | E40: 0 | F40: 854 | G40: 8.5 | H40: -- | I40: 8.5 | J40: =J39+1 -> 39 | K40: =(_xlfn.XLOOKUP(B40,Hoja1!A:A,Hoja1!G:G,"--",0,1)) -> -- | L40: =_xlfn.XLOOKUP(B40,Hoja1!A:A,Hoja1!H:H,"--",0,1) -> -- | M40: =IF(K40="--",POWER(10,-0.2233*LOG10(I40)-2.901),"--") -> 0.00077886243 | N40: =_xlfn.XLOOKUP(B40,f0_a0!A:A,f0_a0!C:C,0,0,1) -> 2.1751195
... A47: EST_46 | B47: PB11 | C47: -19.76096 | D47: -69.65582 | E47: 0 | F47: 846 | G47: 0.53 | H47: -- | I47: 0.53 | J47: =J46+1 -> 46 | K47: =(_xlfn.XLOOKUP(B47,Hoja1!A:A,Hoja1!G:G,"--",0,1)) -> -- | L47: =_xlfn.XLOOKUP(B47,Hoja1!A:A,Hoja1!H:H,"--",0,1) -> -- | M47: =IF(K47="--",POWER(10,-0.2233*LOG10(I47)-2.901),"--") -> 0.0014473354 | N47: =_xlfn.XLOOKUP(B47,f0_a0!A:A,f0_a0!C:C,0,0,1) -> 3.045747
A48: EST_47 | B48: V11A | C48: -32.755706 | D48: -70.72522 | E48: 673 | F48: 837 | G48: -- | H48: 2.5954545 | I48: 2.5954545 | J48: =J47+1 -> 47 | K48: =(_xlfn.XLOOKUP(B48,Hoja1!A:A,Hoja1!G:G,"--",0,1)) -> -- | L48: =_xlfn.XLOOKUP(B48,Hoja1!A:A,Hoja1!H:H,"--",0,1) -> -- | M48: =IF(K48="--",POWER(10,-0.2233*LOG10(I48)-2.901),"--") -> 0.0010150937 | N48: =_xlfn.XLOOKUP(B48,f0_a0!A:A,f0_a0!C:C,0,0,1) -> 2.3518358
A49: EST_48 | B49: R05M | C49: -33.442822 | D49: -70.534631 | E49: 0 | F49: 635 | G49: -- | H49: 20.262821 | I49: 20.262821 | J49: =J48+1 -> 48 | K49: =(_xlfn.XLOOKUP(B49,Hoja1!A:A,Hoja1!G:G,"--",0,1)) -> -- | L49: =_xlfn.XLOOKUP(B49,Hoja1!A:A,Hoja1!H:H,"--",0,1) -> -- | M49: =IF(K49="--",POWER(10,-0.2233*LOG10(I49)-2.901),"--") -> 0.00064152548 | N49: =_xlfn.XLOOKUP(B49,f0_a0!A:A,f0_a0!C:C,0,0,1) -> 2.6096981
A50: EST_49 | B50: PB12 | C50: -18.61406 | D50: -70.32809 | E50: 0 | F50: 599 | G50: 4.82 | H50: -- | I50: 4.82 | J50: =J49+1 -> 49 | K50: =(_xlfn.XLOOKUP(B50,Hoja1!A:A,Hoja1!G:G,"--",0,1)) -> 0.051 | L50: =_xlfn.XLOOKUP(B50,Hoja1!A:A,Hoja1!H:H,"--",0,1) -> −0.00006172 | M50: =IF(K50="--",POWER(10,-0.2233*LOG10(I50)-2.901),"--") -> -- | N50: =_xlfn.XLOOKUP(B50,f0_a0!A:A,f0_a0!C:C,0,0,1) -> 1.9488182
A51: EST_50 | B51: T10A | C51: -19.99545 | D51: -69.76707 | E51: 0 | F51: 418 | G51: 2.8 | H51: -- | I51: 2.8 | J51: =J50+1 -> 50 | K51: =(_xlfn.XLOOKUP(B51,Hoja1!A:A,Hoja1!G:G,"--",0,1)) -> 0.038 | L51: =_xlfn.XLOOKUP(B51,Hoja1!A:A,Hoja1!H:H,"--",0,1) -> −0.00000874 | M51: =IF(K51="--",POWER(10,-0.2233*LOG10(I51)-2.901),"--") -> -- | N51: =_xlfn.XLOOKUP(B51,f0_a0!A:A,f0_a0!C:C,0,0,1) -> 3.6247955
A52: EST_51 | B52: GO02 | C52: -25.1626 | D52: -69.5904 | E52: 0 | F52: 820 | G52: 17.5 | H52: -- | I52: 17.5 | J52: =J51+1 -> 51 | K52: =(_xlfn.XLOOKUP(B52,Hoja1!A:A,Hoja1!G:G,"--",0,1)) -> 0.064 | L52: =_xlfn.XLOOKUP(B52,Hoja1!A:A,Hoja1!H:H,"--",0,1) -> −0.00000848 | M52: =IF(K52="--",POWER(10,-0.2233*LOG10(I52)-2.901),"--") -> -- | N52: =_xlfn.XLOOKUP(B52,f0_a0!A:A,f0_a0!C:C,0,0,1) -> 2.1335611
A53: EST_52 | B53: CO02 | C53: -31.2037 | D53: -71.0003 | E53: 0 | F53: 555 | G53: 4.48 | H53: -- | I53: 4.48 | J53: =J52+1 -> 52 | K53: =(_xlfn.XLOOKUP(B53,Hoja1!A:A,Hoja1!G:G,"--",0,1)) -> -- | L53: =_xlfn.XLOOKUP(B53,Hoja1!A:A,Hoja1!H:H,"--",0,1) -> -- | M53: =IF(K53="--",POWER(10,-0.2233*LOG10(I53)-2.901),"--") -> 0.00089860663 | N53: =_xlfn.XLOOKUP(B53,f0_a0!A:A,f0_a0!C:C,0,0,1) -> 4.5935928
A54: EST_53 | B54: T01A | C54: -20.27291 | D54: -70.12231 | E54: 0 | F54: 725 | G54: 1.36 | H54: -- | I54: 1.36 | J54: =J53+1 -> 53 | K54: =(_xlfn.XLOOKUP(B54,Hoja1!A:A,Hoja1!G:G,"--",0,1)) -> -- | L54: =_xlfn.XLOOKUP(B54,Hoja1!A:A,Hoja1!H:H,"--",0,1) -> -- | M54: =IF(K54="--",POWER(10,-0.2233*LOG10(I54)-2.901),"--") -> 0.0011726834 | N54: =_xlfn.XLOOKUP(B54,f0_a0!A:A,f0_a0!C:C,0,0,1) -> 3.8168178
A55: EST_54 | B55: T15A | C55: -20.2393 | D55: -70.05395 | E55: 692 | F55: 1003 | G55: -- | H55: 9.5714286 | I55: 9.5714286 | J55: =J54+1 -> 54 | K55: =(_xlfn.XLOOKUP(B55,Hoja1!A:A,Hoja1!G:G,"--",0,1)) -> -- | L55: =_xlfn.XLOOKUP(B55,Hoja1!A:A,Hoja1!H:H,"--",0,1) -> -- | M55: =IF(K55="--",POWER(10,-0.2233*LOG10(I55)-2.901),"--") -> 0.00075848656 | N55: =_xlfn.XLOOKUP(B55,f0_a0!A:A,f0_a0!C:C,0,0,1) -> 1.5334993
A56: EST_55 | B56: PB01 | C56: -21.04323 | D56: -69.4874 | E56: 0 | F56: 603 | G56: 3.4 | H56: -- | I56: 3.4 | J56: =J55+1 -> 55 | K56: =(_xlfn.XLOOKUP(B56,Hoja1!A:A,Hoja1!G:G,"--",0,1)) -> -- | L56: =_xlfn.XLOOKUP(B56,Hoja1!A:A,Hoja1!H:H,"--",0,1) -> -- | M56: =IF(K56="--",POWER(10,-0.2233*LOG10(I56)-2.901),"--") -> 0.00095569818 | N56: =_xlfn.XLOOKUP(B56,f0_a0!A:A,f0_a0!C:C,0,0,1) -> 1.9568436
A57: EST_56 | B57: T11A | C57: -19.31239 | D57: -69.42728 | E57: 0 | F57: 346 | G57: 1.14 | H57: -- | I57: 1.14 | J57: =J56+1 -> 56 | K57: =(_xlfn.XLOOKUP(B57,Hoja1!A:A,Hoja1!G:G,"--",0,1)) -> 0.053 | L57: =_xlfn.XLOOKUP(B57,Hoja1!A:A,Hoja1!H:H,"--",0,1) -> −0.00005335 | M57: =IF(K57="--",POWER(10,-0.2233*LOG10(I57)-2.901),"--") -> -- | N57: =_xlfn.XLOOKUP(B57,f0_a0!A:A,f0_a0!C:C,0,0,1) -> 3.9528597
A58: EST_57 | B58: T20A | C58: -19.924414 | D58: -69.511922 | E58: 0 | F58: 517 | G58: 6.5 | H58: -- | I58: 6.5 | J58: =J57+1 -> 57 | K58: =(_xlfn.XLOOKUP(B58,Hoja1!A:A,Hoja1!G:G,"--",0,1)) -> -- | L58: =_xlfn.XLOOKUP(B58,Hoja1!A:A,Hoja1!H:H,"--",0,1) -> -- | M58: =IF(K58="--",POWER(10,-0.2233*LOG10(I58)-2.901),"--") -> 0.00082694466 | N58: =_xlfn.XLOOKUP(B58,f0_a0!A:A,f0_a0!C:C,0,0,1) -> 4.9364672
A59: EST_58 | B59: A05C | C59: -27.3612 | D59: -70.3399 | E59: 376 | F59: 632 | G59: 6.3 | H59: -- | I59: 6.3 | J59: =J58+1 -> 58 | K59: =(_xlfn.XLOOKUP(B59,Hoja1!A:A,Hoja1!G:G,"--",0,1)) -> -- | L59: =_xlfn.XLOOKUP(B59,Hoja1!A:A,Hoja1!H:H,"--",0,1) -> -- | M59: =IF(K59="--",POWER(10,-0.2233*LOG10(I59)-2.901),"--") -> 0.00083273584 | N59: =_xlfn.XLOOKUP(B59,f0_a0!A:A,f0_a0!C:C,0,0,1) -> 6.0209362
A60: EST_59 | B60: C13O | C60: -30.579306 | D60: -71.494556 | E60: 203 | F60: 505 | G60: 1.75 | H60: -- | I60: 1.75 | J60: =J59+1 -> 59 | K60: =(_xlfn.XLOOKUP(B60,Hoja1!A:A,Hoja1!G:G,"--",0,1)) -> -- | L60: =_xlfn.XLOOKUP(B60,Hoja1!A:A,Hoja1!H:H,"--",0,1) -> -- | M60: =IF(K60="--",POWER(10,-0.2233*LOG10(I60)-2.901),"--") -> 0.0011084844 | N60: =_xlfn.XLOOKUP(B60,f0_a0!A:A,f0_a0!C:C,0,0,1) -> 2.4467954
A61: EST_60 | B61: M13L | C61: -36.141111 | D61: -71.824167 | E61: 180 | F61: 309 | G61: 1.75 | H61: -- | I61: 1.75 | J61: =J60+1 -> 60 | K61: =(_xlfn.XLOOKUP(B61,Hoja1!A:A,Hoja1!G:G,"--",0,1)) -> -- | L61: =_xlfn.XLOOKUP(B61,Hoja1!A:A,Hoja1!H:H,"--",0,1) -> -- | M61: =IF(K61="--",POWER(10,-0.2233*LOG10(I61)-2.901),"--") -> 0.0011084844 | N61: =_xlfn.XLOOKUP(B61,f0_a0!A:A,f0_a0!C:C,0,0,1) -> 3.5048931
A62: EST_61 | B62: C04O | C62: -29.94235 | D62: -71.26315 | E62: 30 | F62: 475 | G62: 0.87 | H62: -- | I62: 0.87 | J62: =J61+1 -> 61 | K62: =(_xlfn.XLOOKUP(B62,Hoja1!A:A,Hoja1!G:G,"--",0,1)) -> -- | L62: =_xlfn.XLOOKUP(B62,Hoja1!A:A,Hoja1!H:H,"--",0,1) -> -- | M62: =IF(K62="--",POWER(10,-0.2233*LOG10(I62)-2.901),"--") -> 0.0012957027 | N62: =_xlfn.XLOOKUP(B62,f0_a0!A:A,f0_a0!C:C,0,0,1) -> 4.2654242
A63: EST_62 | B63: GO03 | C63: -27.5937 | D63: -70.2347 | E63: 0 | F63: 695 | G63: 5.28 | H63: -- | I63: 5.28 | J63: =J62+1 -> 62 | K63: =(_xlfn.XLOOKUP(B63,Hoja1!A:A,Hoja1!G:G,"--",0,1)) -> 0.033 | L63: =_xlfn.XLOOKUP(B63,Hoja1!A:A,Hoja1!H:H,"--",0,1) -> −0.00001488 | M63: =IF(K63="--",POWER(10,-0.2233*LOG10(I63)-2.901),"--") -> -- | N63: =_xlfn.XLOOKUP(B63,f0_a0!A:A,f0_a0!C:C,0,0,1) -> 1.5594626
A64: EST_63 | B64: A19C | C64: -27.83037 | D64: -70.10798 | E64: 955 | F64: 507 | G64: 2.5 | H64: -- | I64: 2.5 | J64: =J63+1 -> 63 | K64: =(_xlfn.XLOOKUP(B64,Hoja1!A:A,Hoja1!G:G,"--",0,1)) -> -- | L64: =_xlfn.XLOOKUP(B64,Hoja1!A:A,Hoja1!H:H,"--",0,1) -> -- | M64: =IF(K64="--",POWER(10,-0.2233*LOG10(I64)-2.901),"--") -> 0.0010236229 | N64: =_xlfn.XLOOKUP(B64,f0_a0!A:A,f0_a0!C:C,0,0,1) -> 2.3249768
A65: EST_64 | B65: A27C | C65: -27.36717 | D65: -70.33069 | E65: 398 | F65: 473 | G65: 6.7 | H65: -- | I65: 6.7 | J65: =J64+1 -> 64 | K65: =(_xlfn.XLOOKUP(B65,Hoja1!A:A,Hoja1!G:G,"--",0,1)) -> -- | L65: =_xlfn.XLOOKUP(B65,Hoja1!A:A,Hoja1!H:H,"--",0,1) -> -- | M65: =IF(K65="--",POWER(10,-0.2233*LOG10(I65)-2.901),"--") -> 0.00082136747 | N65: =_xlfn.XLOOKUP(B65,f0_a0!A:A,f0_a0!C:C,0,0,1) -> 4.396527
A66: EST_65 | B66: C07O | C66: -31.633614 | D66: -71.1675 | E66: 319 | F66: 654 | G66: 5.32 | H66: -- | I66: 5.32 | J66: =J65+1 -> 65 | K66: =(_xlfn.XLOOKUP(B66,Hoja1!A:A,Hoja1!G:G,"--",0,1)) -> -- | L66: =_xlfn.XLOOKUP(B66,Hoja1!A:A,Hoja1!H:H,"--",0,1) -> -- | M66: =IF(K66="--",POWER(10,-0.2233*LOG10(I66)-2.901),"--") -> 0.00086477661 | N66: =_xlfn.XLOOKUP(B66,f0_a0!A:A,f0_a0!C:C,0,0,1) -> 2.6040084
A67: EST_66 | B67: T05A | C67: -20.20975 | D67: -70.15022 | E67: 0 | F67: 809 | G67: 4.68 | H67: -- | I67: 4.68 | J67: =J66+1 -> 66 | K67: =(_xlfn.XLOOKUP(B67,Hoja1!A:A,Hoja1!G:G,"--",0,1)) -> 0.025 | L67: =_xlfn.XLOOKUP(B67,Hoja1!A:A,Hoja1!H:H,"--",0,1) -> 2.688e-05 | M67: =IF(K67="--",POWER(10,-0.2233*LOG10(I67)-2.901),"--") -> -- | N67: =_xlfn.XLOOKUP(B67,f0_a0!A:A,f0_a0!C:C,0,0,1) -> 1.7237554
... A70: EST_69 | B70: M09L | C70: -35.590811 | D70: -72.281189 | E70: 0 | F70: 400 | G70: 2.56 | H70: -- | I70: 2.56 | J70: =J69+1 -> 69 | K70: =(_xlfn.XLOOKUP(B70,Hoja1!A:A,Hoja1!G:G,"--",0,1)) -> -- | L70: =_xlfn.XLOOKUP(B70,Hoja1!A:A,Hoja1!H:H,"--",0,1) -> -- | M70: =IF(K70="--",POWER(10,-0.2233*LOG10(I70)-2.901),"--") -> 0.0010182162 | N70: =_xlfn.XLOOKUP(B70,f0_a0!A:A,f0_a0!C:C,0,0,1) -> 3.88024
A71: EST_70 | B71: M10L | C71: -35.843056 | D71: -72.63 | E71: 0 | F71: 402 | G71: -- | H71: 5.4055556 | I71: 5.4055556 | J71: =J70+1 -> 70 | K71: =(_xlfn.XLOOKUP(B71,Hoja1!A:A,Hoja1!G:G,"--",0,1)) -> -- | L71: =_xlfn.XLOOKUP(B71,Hoja1!A:A,Hoja1!H:H,"--",0,1) -> -- | M71: =IF(K71="--",POWER(10,-0.2233*LOG10(I71)-2.901),"--") -> 0.00086170131 | N71: =_xlfn.XLOOKUP(B71,f0_a0!A:A,f0_a0!C:C,0,0,1) -> 6.1270456
A72: EST_71 | B72: T12A | C72: -20.07067 | D72: -69.21722 | E72: 0 | F72: 732 | G72: 10.01 | H72: -- | I72: 10.01 | J72: =J71+1 -> 71 | K72: =(_xlfn.XLOOKUP(B72,Hoja1!A:A,Hoja1!G:G,"--",0,1)) -> −0.006 | L72: =_xlfn.XLOOKUP(B72,Hoja1!A:A,Hoja1!H:H,"--",0,1) -> 0.00033606 | M72: =IF(K72="--",POWER(10,-0.2233*LOG10(I72)-2.901),"--") -> -- | N72: =_xlfn.XLOOKUP(B72,f0_a0!A:A,f0_a0!C:C,0,0,1) -> 5.6225792
A73: EST_72 | B73: L02R | C73: -39.832194 | D73: -73.201028 | E73: 15 | F73: 229 | G73: 1.04 | H73: -- | I73: 1.04 | J73: =J72+1 -> 72 | K73: =(_xlfn.XLOOKUP(B73,Hoja1!A:A,Hoja1!G:G,"--",0,1)) -> -- | L73: =_xlfn.XLOOKUP(B73,Hoja1!A:A,Hoja1!H:H,"--",0,1) -> -- | M73: =IF(K73="--",POWER(10,-0.2233*LOG10(I73)-2.901),"--") -> 0.0012450777 | N73: =_xlfn.XLOOKUP(B73,f0_a0!A:A,f0_a0!C:C,0,0,1) -> 4.7863154
A74: EST_73 | B74: A04C | C74: -27.29958 | D74: -70.421317 | E74: 312 | F74: 534 | G74: 1.13 | H74: -- | I74: 1.13 | J74: =J73+1 -> 73 | K74: =(_xlfn.XLOOKUP(B74,Hoja1!A:A,Hoja1!G:G,"--",0,1)) -> -- | L74: =_xlfn.XLOOKUP(B74,Hoja1!A:A,Hoja1!H:H,"--",0,1) -> -- | M74: =IF(K74="--",POWER(10,-0.2233*LOG10(I74)-2.901),"--") -> 0.0012222149 | N74: =_xlfn.XLOOKUP(B74,f0_a0!A:A,f0_a0!C:C,0,0,1) -> 2.3252025
A75: EST_74 | B75: A06C | C75: -27.3494 | D75: -70.34776 | E75: 362 | F75: 483 | G75: 5.81 | H75: -- | I75: 5.81 | J75: =J74+1 -> 74 | K75: =(_xlfn.XLOOKUP(B75,Hoja1!A:A,Hoja1!G:G,"--",0,1)) -> -- | L75: =_xlfn.XLOOKUP(B75,Hoja1!A:A,Hoja1!H:H,"--",0,1) -> -- | M75: =IF(K75="--",POWER(10,-0.2233*LOG10(I75)-2.901),"--") -> 0.00084792896 | N75: =_xlfn.XLOOKUP(B75,f0_a0!A:A,f0_a0!C:C,0,0,1) -> 2.6768062
A76: EST_75 | B76: A28C | C76: -27.46644 | D76: -70.26543 | E76: 485 | F76: 522 | G76: 6.9 | H76: -- | I76: 6.9 | J76: =J75+1 -> 75 | K76: =(_xlfn.XLOOKUP(B76,Hoja1!A:A,Hoja1!G:G,"--",0,1)) -> -- | L76: =_xlfn.XLOOKUP(B76,Hoja1!A:A,Hoja1!H:H,"--",0,1) -> -- | M76: =IF(K76="--",POWER(10,-0.2233*LOG10(I76)-2.901),"--") -> 0.0008159903 | N76: =_xlfn.XLOOKUP(B76,f0_a0!A:A,f0_a0!C:C,0,0,1) -> 7.0188216
A77: EST_76 | B77: CO05 | C77: -29.91864 | D77: -71.23841 | E77: 101 | F77: 773 | G77: -- | H77: 0.92222222 | I77: 0.92222222 | J77: =J76+1 -> 76 | K77: =(_xlfn.XLOOKUP(B77,Hoja1!A:A,Hoja1!G:G,"--",0,1)) -> -- | L77: =_xlfn.XLOOKUP(B77,Hoja1!A:A,Hoja1!H:H,"--",0,1) -> -- | M77: =IF(K77="--",POWER(10,-0.2233*LOG10(I77)-2.901),"--") -> 0.001278946 | N77: =_xlfn.XLOOKUP(B77,f0_a0!A:A,f0_a0!C:C,0,0,1) -> 2.1128237
A78: EST_77 | B78: FAR1 | C78: -33.3377 | D78: -70.2994 | E78: 0 | F78: 681 | G78: 5.55 | H78: -- | I78: 5.55 | J78: =J77+1 -> 77 | K78: =(_xlfn.XLOOKUP(B78,Hoja1!A:A,Hoja1!G:G,"--",0,1)) -> 0.019 | L78: =_xlfn.XLOOKUP(B78,Hoja1!A:A,Hoja1!H:H,"--",0,1) -> 0.00011665 | M78: =IF(K78="--",POWER(10,-0.2233*LOG10(I78)-2.901),"--") -> -- | N78: =_xlfn.XLOOKUP(B78,f0_a0!A:A,f0_a0!C:C,0,0,1) -> 3.0836307
A79: EST_78 | B79: A10F | C79: -25.41106 | D79: -70.48425 | E79: 38 | F79: 517 | G79: 6.5 | H79: -- | I79: 6.5 | J79: =J78+1 -> 78 | K79: =(_xlfn.XLOOKUP(B79,Hoja1!A:A,Hoja1!G:G,"--",0,1)) -> -- | L79: =_xlfn.XLOOKUP(B79,Hoja1!A:A,Hoja1!H:H,"--",0,1) -> -- | M79: =IF(K79="--",POWER(10,-0.2233*LOG10(I79)-2.901),"--") -> 0.00082694466 | N79: =_xlfn.XLOOKUP(B79,f0_a0!A:A,f0_a0!C:C,0,0,1) -> 1.9408327
A80: EST_79 | B80: A21F | C80: -25.40762 | D80: -70.48847 | E80: 10 | F80: 517 | G80: 6.5 | H80: -- | I80: 6.5 | J80: =J79+1 -> 79 | K80: =(_xlfn.XLOOKUP(B80,Hoja1!A:A,Hoja1!G:G,"--",0,1)) -> -- | L80: =_xlfn.XLOOKUP(B80,Hoja1!A:A,Hoja1!H:H,"--",0,1) -> -- | M80: =IF(K80="--",POWER(10,-0.2233*LOG10(I80)-2.901),"--") -> 0.00082694466 | N80: =_xlfn.XLOOKUP(B80,f0_a0!A:A,f0_a0!C:C,0,0,1) -> 4.9096192
A81: EST_80 | B81: PB02 | C81: -21.31973 | D81: -69.89603 | E81: 0 | F81: 746 | G81: 1.29 | H81: -- | I81: 1.29 | J81: =J80+1 -> 80 | K81: =(_xlfn.XLOOKUP(B81,Hoja1!A:A,Hoja1!G:G,"--",0,1)) -> -- | L81: =_xlfn.XLOOKUP(B81,Hoja1!A:A,Hoja1!H:H,"--",0,1) -> -- | M81: =IF(K81="--",POWER(10,-0.2233*LOG10(I81)-2.901),"--") -> 0.0011866027 | N81: =_xlfn.XLOOKUP(B81,f0_a0!A:A,f0_a0!C:C,0,0,1) -> 1.4832881
A82: EST_81 | B82: LMEL | C82: -33.8476 | D82: -70.2075 | E82: 0 | F82: 808 | G82: 5 | H82: -- | I82: 5 | J82: =J81+1 -> 81 | K82: =(_xlfn.XLOOKUP(B82,Hoja1!A:A,Hoja1!G:G,"--",0,1)) -> 0.045 | L82: =_xlfn.XLOOKUP(B82,Hoja1!A:A,Hoja1!H:H,"--",0,1) -> 0.00011123 | M82: =IF(K82="--",POWER(10,-0.2233*LOG10(I82)-2.901),"--") -> -- | N82: =_xlfn.XLOOKUP(B82,f0_a0!A:A,f0_a0!C:C,0,0,1) -> 2.9247991
A83: EST_82 | B83: L05L | C83: -41.15378 | D83: -73.41754 | E83: 152 | F83: 255 | G83: 1.41 | H83: -- | I83: 1.41 | J83: =J82+1 -> 82 | K83: =(_xlfn.XLOOKUP(B83,Hoja1!A:A,Hoja1!G:G,"--",0,1)) -> -- | L83: =_xlfn.XLOOKUP(B83,Hoja1!A:A,Hoja1!H:H,"--",0,1) -> -- | M83: =IF(K83="--",POWER(10,-0.2233*LOG10(I83)-2.901),"--") -> 0.0011632669 | N83: =_xlfn.XLOOKUP(B83,f0_a0!A:A,f0_a0!C:C,0,0,1) -> 4.1800535
A84: EST_83 | B84: L09L | C84: -41.865269 | D84: -73.826139 | E84: 25 | F84: 182 | G84: 2.85 | H84: -- | I84: 2.85 | J84: =J83+1 -> 83 | K84: =(_xlfn.XLOOKUP(B84,Hoja1!A:A,Hoja1!G:G,"--",0,1)) -> -- | L84: =_xlfn.XLOOKUP(B84,Hoja1!A:A,Hoja1!H:H,"--",0,1) -> -- | M84: =IF(K84="--",POWER(10,-0.2233*LOG10(I84)-2.901),"--") -> 0.00099410702 | N84: =_xlfn.XLOOKUP(B84,f0_a0!A:A,f0_a0!C:C,0,0,1) -> 5.004518
A85: EST_84 | B85: L11L | C85: -40.799517 | D85: -73.218289 | E85: 69 | F85: 374 | G85: 1.4 | H85: -- | I85: 1.4 | J85: =J84+1 -> 84 | K85: =(_xlfn.XLOOKUP(B85,Hoja1!A:A,Hoja1!G:G,"--",0,1)) -> -- | L85: =_xlfn.XLOOKUP(B85,Hoja1!A:A,Hoja1!H:H,"--",0,1) -> -- | M85: =IF(K85="--",POWER(10,-0.2233*LOG10(I85)-2.901),"--") -> 0.0011651172 | N85: =_xlfn.XLOOKUP(B85,f0_a0!A:A,f0_a0!C:C,0,0,1) -> 4.9457742
A86: EST_85 | B86: LL05 | C86: -41.405341 | D86: -73.47445 | E86: 208 | F86: 500 | G86: 0.19 | H86: -- | I86: 0.19 | J86: =J85+1 -> 85 | K86: =(_xlfn.XLOOKUP(B86,Hoja1!A:A,Hoja1!G:G,"--",0,1)) -> -- | L86: =_xlfn.XLOOKUP(B86,Hoja1!A:A,Hoja1!H:H,"--",0,1) -> -- | M86: =IF(K86="--",POWER(10,-0.2233*LOG10(I86)-2.901),"--") -> 0.0018199285 | N86: =_xlfn.XLOOKUP(B86,f0_a0!A:A,f0_a0!C:C,0,0,1) -> 4.9437667
A87: EST_86 | B87: TA01 | C87: -20.5656 | D87: -70.1807 | E87: 0 | F87: 566 | G87: 5.25 | H87: -- | I87: 5.25 | J87: =J86+1 -> 86 | K87: =(_xlfn.XLOOKUP(B87,Hoja1!A:A,Hoja1!G:G,"--",0,1)) -> 0.067 | L87: =_xlfn.XLOOKUP(B87,Hoja1!A:A,Hoja1!H:H,"--",0,1) -> −0.00012584 | M87: =IF(K87="--",POWER(10,-0.2233*LOG10(I87)-2.901),"--") -> -- | N87: =_xlfn.XLOOKUP(B87,f0_a0!A:A,f0_a0!C:C,0,0,1) -> 1.9877605
A88: EST_87 | B88: A08P | C88: -18.47979 | D88: -70.33099 | E88: 0 | F88: 997 | G88: -- | H88: 18.469444 | I88: 18.469444 | J88: =J87+1 -> 87 | K88: =(_xlfn.XLOOKUP(B88,Hoja1!A:A,Hoja1!G:G,"--",0,1)) -> -- | L88: =_xlfn.XLOOKUP(B88,Hoja1!A:A,Hoja1!H:H,"--",0,1) -> -- | M88: =IF(K88="--",POWER(10,-0.2233*LOG10(I88)-2.901),"--") -> 0.00065493901 | N88: =_xlfn.XLOOKUP(B88,f0_a0!A:A,f0_a0!C:C,0,0,1) -> 1.9608091
A89: EST_88 | B89: M03L | C89: -34.975556 | D89: -71.232222 | E89: 200 | F89: 715 | G89: -- | H89: 45.2875 | I89: 45.2875 | J89: =J88+1 -> 88 | K89: =(_xlfn.XLOOKUP(B89,Hoja1!A:A,Hoja1!G:G,"--",0,1)) -> -- | L89: =_xlfn.XLOOKUP(B89,Hoja1!A:A,Hoja1!H:H,"--",0,1) -> -- | M89: =IF(K89="--",POWER(10,-0.2233*LOG10(I89)-2.901),"--") -> 0.00053606819 | N89: =_xlfn.XLOOKUP(B89,f0_a0!A:A,f0_a0!C:C,0,0,1) -> 1.9483593
A90: EST_89 | B90: A01C | C90: -27.07053 | D90: -70.82676 | E90: 36 | F90: 749 | G90: -- | H90: 4.9590909 | I90: 4.9590909 | J90: =J89+1 -> 89 | K90: =(_xlfn.XLOOKUP(B90,Hoja1!A:A,Hoja1!G:G,"--",0,1)) -> -- | L90: =_xlfn.XLOOKUP(B90,Hoja1!A:A,Hoja1!H:H,"--",0,1) -> -- | M90: =IF(K90="--",POWER(10,-0.2233*LOG10(I90)-2.901),"--") -> 0.00087844933 | N90: =_xlfn.XLOOKUP(B90,f0_a0!A:A,f0_a0!C:C,0,0,1) -> 1.9097708
A91: EST_90 | B91: A08C | C91: -27.36041 | D91: -70.33849 | E91: 380 | F91: 2127 | G91: -- | H91: 14.65 | I91: 14.65 | J91: =J90+1 -> 90 | K91: =(_xlfn.XLOOKUP(B91,Hoja1!A:A,Hoja1!G:G,"--",0,1)) -> -- | L91: =_xlfn.XLOOKUP(B91,Hoja1!A:A,Hoja1!H:H,"--",0,1) -> -- | M91: =IF(K91="--",POWER(10,-0.2233*LOG10(I91)-2.901),"--") -> 0.00068971307 | N91: =_xlfn.XLOOKUP(B91,f0_a0!A:A,f0_a0!C:C,0,0,1) -> 2.1949899
A92: EST_91 | B92: PB04 | C92: -22.33369 | D92: -70.14918 | E92: 0 | F92: 563 | G92: 1.53 | H92: -- | I92: 1.53 | J92: =J91+1 -> 91 | K92: =(_xlfn.XLOOKUP(B92,Hoja1!A:A,Hoja1!G:G,"--",0,1)) -> -- | L92: =_xlfn.XLOOKUP(B92,Hoja1!A:A,Hoja1!H:H,"--",0,1) -> -- | M92: =IF(K92="--",POWER(10,-0.2233*LOG10(I92)-2.901),"--") -> 0.0011422427 | N92: =_xlfn.XLOOKUP(B92,f0_a0!A:A,f0_a0!C:C,0,0,1) -> 1.6177948
A93: EST_92 | B93: A29C | C93: -27.42176 | D93: -70.25963 | E93: 464 | F93: 622 | G93: 3.8 | H93: -- | I93: 3.8 | J93: =J92+1 -> 92 | K93: =(_xlfn.XLOOKUP(B93,Hoja1!A:A,Hoja1!G:G,"--",0,1)) -> -- | L93: =_xlfn.XLOOKUP(B93,Hoja1!A:A,Hoja1!H:H,"--",0,1) -> -- | M93: =IF(K93="--",POWER(10,-0.2233*LOG10(I93)-2.901),"--") -> 0.00093225414 | N93: =_xlfn.XLOOKUP(B93,f0_a0!A:A,f0_a0!C:C,0,0,1) -> 3.5246771
A94: EST_93 | B94: A30C | C94: -27.06987 | D94: -70.82042 | E94: 41 | F94: 1572 | G94: -- | H94: 31.15 | I94: 31.15 | J94: =J93+1 -> 93 | K94: =(_xlfn.XLOOKUP(B94,Hoja1!A:A,Hoja1!G:G,"--",0,1)) -> -- | L94: =_xlfn.XLOOKUP(B94,Hoja1!A:A,Hoja1!H:H,"--",0,1) -> -- | M94: =IF(K94="--",POWER(10,-0.2233*LOG10(I94)-2.901),"--") -> 0.00058278829 | N94: =_xlfn.XLOOKUP(B94,f0_a0!A:A,f0_a0!C:C,0,0,1) -> 1.64421
A95: EST_94 | B95: CO04 | C95: -32.0433 | D95: -70.9747 | E95: 0 | F95: 681 | G95: 5.09 | H95: -- | I95: 5.09 | J95: =J94+1 -> 94 | K95: =(_xlfn.XLOOKUP(B95,Hoja1!A:A,Hoja1!G:G,"--",0,1)) -> -- | L95: =_xlfn.XLOOKUP(B95,Hoja1!A:A,Hoja1!H:H,"--",0,1) -> -- | M95: =IF(K95="--",POWER(10,-0.2233*LOG10(I95)-2.901),"--") -> 0.00087335321 | N95: =_xlfn.XLOOKUP(B95,f0_a0!A:A,f0_a0!C:C,0,0,1) -> 1.9505931
A96: EST_95 | B96: MT02 | C96: -33.2591 | D96: -71.1377 | E96: 0 | F96: 923 | G96: 10.33 | H96: -- | I96: 10.33 | J96: =J95+1 -> 95 | K96: =(_xlfn.XLOOKUP(B96,Hoja1!A:A,Hoja1!G:G,"--",0,1)) -> 0.037 | L96: =_xlfn.XLOOKUP(B96,Hoja1!A:A,Hoja1!H:H,"--",0,1) -> −0.00008515 | M96: =IF(K96="--",POWER(10,-0.2233*LOG10(I96)-2.901),"--") -> -- | N96: =_xlfn.XLOOKUP(B96,f0_a0!A:A,f0_a0!C:C,0,0,1) -> 1.550816
A97: EST_96 | B97: AC01 | C97: -26.1479 | D97: -70.5987 | E97: 346 | F97: 699 | G97: 14.1 | H97: -- | I97: 14.1 | J97: =J96+1 -> 96 | K97: =(_xlfn.XLOOKUP(B97,Hoja1!A:A,Hoja1!G:G,"--",0,1)) -> -- | L97: =_xlfn.XLOOKUP(B97,Hoja1!A:A,Hoja1!H:H,"--",0,1) -> -- | M97: =IF(K97="--",POWER(10,-0.2233*LOG10(I97)-2.901),"--") -> 0.00069563171 | N97: =_xlfn.XLOOKUP(B97,f0_a0!A:A,f0_a0!C:C,0,0,1) -> 1.9683855
A98: EST_97 | B98: T04A | C98: -20.23907 | D98: -70.1333 | E98: 0 | F98: 697 | G98: 25 | H98: -- | I98: 25 | J98: =J97+1 -> 97 | K98: =(_xlfn.XLOOKUP(B98,Hoja1!A:A,Hoja1!G:G,"--",0,1)) -> -- | L98: =_xlfn.XLOOKUP(B98,Hoja1!A:A,Hoja1!H:H,"--",0,1) -> -- | M98: =IF(K98="--",POWER(10,-0.2233*LOG10(I98)-2.901),"--") -> 0.00061212483 | N98: =_xlfn.XLOOKUP(B98,f0_a0!A:A,f0_a0!C:C,0,0,1) -> 2.9603634
A99: EST_98 | B99: PB03 | C99: -22.04847 | D99: -69.7531 | E99: 0 | F99: 711 | G99: 12.5 | H99: -- | I99: 12.5 | J99: =J98+1 -> 98 | K99: =(_xlfn.XLOOKUP(B99,Hoja1!A:A,Hoja1!G:G,"--",0,1)) -> 0.016 | L99: =_xlfn.XLOOKUP(B99,Hoja1!A:A,Hoja1!H:H,"--",0,1) -> 8.188e-05 | M99: =IF(K99="--",POWER(10,-0.2233*LOG10(I99)-2.901),"--") -> -- | N99: =_xlfn.XLOOKUP(B99,f0_a0!A:A,f0_a0!C:C,0,0,1) -> 1.7664551
A100: EST_99 | B100: A18C | C100: -27.50259 | D100: -70.88667 | E100: 12 | F100: 1170 | G100: 5.7 | H100: -- | I100: 5.7 | J100: =J99+1 -> 99 | K100: =(_xlfn.XLOOKUP(B100,Hoja1!A:A,Hoja1!G:G,"--",0,1)) -> -- | L100: =_xlfn.XLOOKUP(B100,Hoja1!A:A,Hoja1!H:H,"--",0,1) -> -- | M100: =IF(K100="--",POWER(10,-0.2233*LOG10(I100)-2.901),"--") -> 0.00085155587 | N100: =_xlfn.XLOOKUP(B100,f0_a0!A:A,f0_a0!C:C,0,0,1) -> 1.7462587
A101: EST_100 | B101: PATCX | C101: -20.82071 | D101: -70.15288 | E101: 0 | F101: 559 | G101: 4.12 | H101: -- | I101: 4.12 | J101: =J100+1 -> 100 | K101: =(_xlfn.XLOOKUP(B101,Hoja1!A:A,Hoja1!G:G,"--",0,1)) -> -- | L101: =_xlfn.XLOOKUP(B101,Hoja1!A:A,Hoja1!H:H,"--",0,1) -> -- | M101: =IF(K101="--",POWER(10,-0.2233*LOG10(I101)-2.901),"--") -> 0.000915574 | N101: =_xlfn.XLOOKUP(B101,f0_a0!A:A,f0_a0!C:C,0,0,1) -> 2.2067834
A102: EST_101 | B102: PB07 | C102: -21.72667 | D102: -69.88618 | E102: 0 | F102: 644 | G102: 4.52 | H102: -- | I102: 4.52 | J102: =J101+1 -> 101 | K102: =(_xlfn.XLOOKUP(B102,Hoja1!A:A,Hoja1!G:G,"--",0,1)) -> -- | L102: =_xlfn.XLOOKUP(B102,Hoja1!A:A,Hoja1!H:H,"--",0,1) -> -- | M102: =IF(K102="--",POWER(10,-0.2233*LOG10(I102)-2.901),"--") -> 0.00089682475 | N102: =_xlfn.XLOOKUP(B102,f0_a0!A:A,f0_a0!C:C,0,0,1) -> 1.5146122
A103: EST_102 | B103: BO02 | C103: -34.7924 | D103: -70.7814 | E103: 0 | F103: 553 | G103: 3.95 | H103: -- | I103: 3.95 | J103: =J102+1 -> 102 | K103: =(_xlfn.XLOOKUP(B103,Hoja1!A:A,Hoja1!G:G,"--",0,1)) -> 0.073 | L103: =_xlfn.XLOOKUP(B103,Hoja1!A:A,Hoja1!H:H,"--",0,1) -> −0.00006234 | M103: =IF(K103="--",POWER(10,-0.2233*LOG10(I103)-2.901),"--") -> -- | N103: =_xlfn.XLOOKUP(B103,f0_a0!A:A,f0_a0!C:C,0,0,1) -> 2.4383547
A104: EST_103 | B104: A12P | C104: -18.45246 | D104: -70.06674 | E104: 624 | F104: 560 | G104: 2.2 | H104: -- | I104: 2.2 | J104: =J103+1 -> 103 | K104: =(_xlfn.XLOOKUP(B104,Hoja1!A:A,Hoja1!G:G,"--",0,1)) -> -- | L104: =_xlfn.XLOOKUP(B104,Hoja1!A:A,Hoja1!H:H,"--",0,1) -> -- | M104: =IF(K104="--",POWER(10,-0.2233*LOG10(I104)-2.901),"--") -> 0.0010532635 | N104: =_xlfn.XLOOKUP(B104,f0_a0!A:A,f0_a0!C:C,0,0,1) -> 3.6794579
A105: EST_104 | B105: BO03 | C105: -34.49605 | D105: -71.9612 | E105: 128 | F105: 433 | G105: 0.11 | H105: -- | I105: 0.11 | J105: =J104+1 -> 104 | K105: =(_xlfn.XLOOKUP(B105,Hoja1!A:A,Hoja1!G:G,"--",0,1)) -> -- | L105: =_xlfn.XLOOKUP(B105,Hoja1!A:A,Hoja1!H:H,"--",0,1) -> -- | M105: =IF(K105="--",POWER(10,-0.2233*LOG10(I105)-2.901),"--") -> 0.0020561605 | N105: =_xlfn.XLOOKUP(B105,f0_a0!A:A,f0_a0!C:C,0,0,1) -> 2.0996708
A106: EST_105 | B106: PB09 | C106: -21.79638 | D106: -69.24192 | E106: 0 | F106: 649 | G106: 10.15 | H106: -- | I106: 10.15 | J106: =J105+1 -> 105 | K106: =(_xlfn.XLOOKUP(B106,Hoja1!A:A,Hoja1!G:G,"--",0,1)) -> -- | L106: =_xlfn.XLOOKUP(B106,Hoja1!A:A,Hoja1!H:H,"--",0,1) -> -- | M106: =IF(K106="--",POWER(10,-0.2233*LOG10(I106)-2.901),"--") -> 0.00074861088 | N106: =_xlfn.XLOOKUP(B106,f0_a0!A:A,f0_a0!C:C,0,0,1) -> 1.6902258
... A114: EST_113 | B114: GO07 | C114: -43.1142 | D114: -73.6644 | E114: 178 | F114: 533 | G114: 0.91 | H114: -- | I114: 0.91 | J114: =J113+1 -> 113 | K114: =(_xlfn.XLOOKUP(B114,Hoja1!A:A,Hoja1!G:G,"--",0,1)) -> -- | L114: =_xlfn.XLOOKUP(B114,Hoja1!A:A,Hoja1!H:H,"--",0,1) -> -- | M114: =IF(K114="--",POWER(10,-0.2233*LOG10(I114)-2.901),"--") -> 0.0012827619 | N114: =_xlfn.XLOOKUP(B114,f0_a0!A:A,f0_a0!C:C,0,0,1) -> 8.7838989
A115: EST_114 | B115: LL07 | C115: -42.83235 | D115: -73.47785 | E115: 53 | F115: 435 | G115: -- | H115: 0.31666667 | I115: 0.31666667 | J115: =J114+1 -> 114 | K115: =(_xlfn.XLOOKUP(B115,Hoja1!A:A,Hoja1!G:G,"--",0,1)) -> -- | L115: =_xlfn.XLOOKUP(B115,Hoja1!A:A,Hoja1!H:H,"--",0,1) -> -- | M115: =IF(K115="--",POWER(10,-0.2233*LOG10(I115)-2.901),"--") -> 0.0016237363 | N115: =_xlfn.XLOOKUP(B115,f0_a0!A:A,f0_a0!C:C,0,0,1) -> 2.5056572
A116: EST_115 | B116: PB10 | C116: -23.51343 | D116: -70.55408 | E116: 0 | F116: 790 | G116: 8.58 | H116: -- | I116: 8.58 | J116: =J115+1 -> 115 | K116: =(_xlfn.XLOOKUP(B116,Hoja1!A:A,Hoja1!G:G,"--",0,1)) -> 0.055 | L116: =_xlfn.XLOOKUP(B116,Hoja1!A:A,Hoja1!H:H,"--",0,1) -> 3.221e-05 | M116: =IF(K116="--",POWER(10,-0.2233*LOG10(I116)-2.901),"--") -> -- | N116: =_xlfn.XLOOKUP(B116,f0_a0!A:A,f0_a0!C:C,0,0,1) -> 1.4612391
A117: EST_116 | B117: AC02 | C117: -26.8355 | D117: -69.1291 | E117: 3980 | F117: 656 | G117: 5.43 | H117: -- | I117: 5.43 | J117: =J116+1 -> 116 | K117: =(_xlfn.XLOOKUP(B117,Hoja1!A:A,Hoja1!G:G,"--",0,1)) -> -- | L117: =_xlfn.XLOOKUP(B117,Hoja1!A:A,Hoja1!H:H,"--",0,1) -> -- | M117: =IF(K117="--",POWER(10,-0.2233*LOG10(I117)-2.901),"--") -> 0.00086083358 | N117: =_xlfn.XLOOKUP(B117,f0_a0!A:A,f0_a0!C:C,0,0,1) -> 2.2548835
A118: EST_117 | B118: AC04 | C118: -28.2046 | D118: -71.0739 | E118: 249 | F118: 583 | G118: 6.69 | H118: -- | I118: 6.69 | J118: =J117+1 -> 117 | K118: =(_xlfn.XLOOKUP(B118,Hoja1!A:A,Hoja1!G:G,"--",0,1)) -> -- | L118: =_xlfn.XLOOKUP(B118,Hoja1!A:A,Hoja1!H:H,"--",0,1) -> -- | M118: =IF(K118="--",POWER(10,-0.2233*LOG10(I118)-2.901),"--") -> 0.00082164146 | N118: =_xlfn.XLOOKUP(B118,f0_a0!A:A,f0_a0!C:C,0,0,1) -> 3.4405792
...

Sheet Hoja2
A1: Frecuencia | B1: C1 | C1: C2 | D1: C3 | E1: C4 | F1: C5 | G1: C6 | H1: C7 | I1: C8 | J1: phiss | K1: phiS2S | L1: tau | M1: sigma
A2: 0.1 | B2: 6.1537054 | C2: 3.414617 | D2: 0.33214013 | E2: -1.3999073 | F2: -0.063188958 | G2: 0.043542811 | H2: 0.000551852 | I2: -0.26545305 | J2: 1.4643227 | K2: 0.4621342 | L2: 0.7947816 | M2: =SQRT((J2^2)+(K2^2)+(L2^2)) -> 1.7290132
A3: 0.4 | B3: 9.4300988 | C3: 2.3621695 | D3: -0.65339767 | E3: -1.3039283 | F3: -0.062252295 | G3: 0.03559399 | H3: 6.15e-05 | I3: -0.36708021 | J3: 0.87086283 | K3: 0.57327086 | L3: 0.87925527 | M3: =SQRT((J3^2)+(K3^2)+(L3^2)) -> 1.3638663
A4: 0.7 | B4: 10.298514 | C4: 2.1185046 | D4: -0.5974294 | E4: -0.97191724 | F4: -0.05352077 | G4: -0.032056486 | H4: 0.000190883 | I4: -0.59173144 | J4: 0.58088077 | K4: 0.6193025 | L4: 0.66874815 | M4: =SQRT((J4^2)+(K4^2)+(L4^2)) -> 1.0808248
A5: 1 | B5: 9.8766939 | C5: 1.8478816 | D5: -0.42466865 | E5: -0.93936482 | F5: -0.043213644 | G5: -0.018788271 | H5: -0.000294636 | I5: -0.85225587 | J5: 0.47380202 | K5: 0.69624502 | L5: 0.49558559 | M5: =SQRT((J5^2)+(K5^2)+(L5^2)) -> 0.97716455
A6: 2 | B6: 9.8359149 | C6: 1.7700879 | D6: -0.27015284 | E6: -0.520808 | F6: -0.016502227 | G6: -0.072505905 | H6: -0.00105135 | I6: -0.98658771 | J6: 0.39533744 | K6: 0.62804694 | L6: 0.37387482 | M6: =SQRT((J6^2)+(K6^2)+(L6^2)) -> 0.83097354
A7: 3 | B7: 10.728608 | C7: 2.0809767 | D7: -0.18953109 | E7: -0.12304836 | F7: 0.010369822 | G7: -0.16841607 | H7: -0.000398675 | I7: -0.92786364 | J7: 0.36482365 | K7: 0.58558431 | L7: 0.34904404 | M7: =SQRT((J7^2)+(K7^2)+(L7^2)) -> 0.77319922
A8: 4 | B8: 11.057335 | C8: 2.3520618 | D8: -0.13078088 | E8: 0.27873768 | F8: 0.044982393 | G8: -0.24347257 | H8: -0.00065971 | I8: -0.83354697 | J8: 0.34865241 | K8: 0.56496815 | L8: 0.36923598 | M8: =SQRT((J8^2)+(K8^2)+(L8^2)) -> 0.75965961
A9: 5 | B9: 11.443028 | C9: 2.3191468 | D9: -0.11157543 | E9: 0.21903317 | F9: 0.069593027 | G9: -0.24750732 | H9: -0.000703964 | I9: -0.78839391 | J9: 0.33395335 | K9: 0.57249765 | L9: 0.39113605 | M9: =SQRT((J9^2)+(K9^2)+(L9^2)) -> 0.76958808
A10: 6 | B10: 11.986773 | C10: 2.5183259 | D10: -0.088754142 | E10: 0.35232521 | F10: 0.10630074 | G10: -0.29210619 | H10: -0.000446987 | I10: -0.70619959 | J10: 0.32438787 | K10: 0.57062253 | L10: 0.41954064 | M10: =SQRT((J10^2)+(K10^2)+(L10^2)) -> 0.779007
A11: 7 | B11: 12.145706 | C11: 2.3845156 | D11: -0.093651238 | E11: 0.20396246 | F11: 0.12814653 | G11: -0.27311181 | H11: -0.000612196 | I11: -0.61407597 | J11: 0.31577157 | K11: 0.57887939 | L11: 0.44762331 | M11: =SQRT((J11^2)+(K11^2)+(L11^2)) -> 0.79698159
A12: 8 | B12: 12.060759 | C12: 2.2121372 | D12: -0.10052206 | E12: 0.038515013 | F12: 0.14596617 | G12: -0.24319969 | H12: -0.001007766 | I12: -0.54101402 | J12: 0.30013266 | K12: 0.61181366 | L12: 0.47735298 | M12: =SQRT((J12^2)+(K12^2)+(L12^2)) -> 0.8320225
A13: 9 | B13: 12.181342 | C13: 2.074403 | D13: -0.11798504 | E13: -0.161521 | F13: 0.16295887 | G13: -0.21607264 | H13: -0.001234397 | I13: -0.50399207 | J13: 0.29278408 | K13: 0.64636531 | L13: 0.50396169 | M13: =SQRT((J13^2)+(K13^2)+(L13^2)) -> 0.87033787
... A18: 45 | B18: 13.291095 | C18: 2.0454332 | D18: -0.18634998 | E18: -0.77383945 | F18: 0.24057764 | G18: -0.26735209 | H18: 0.002510851 | I18: 0.16799468 | J18: 0.44658212 | K18: 1.296064 | L18: 0.66552198 | M18: =SQRT((J18^2)+(K18^2)+(L18^2)) -> 1.523856

Sheet TablaAnexo31
F1: ID Ev | G1: Evento | H1: Lat Ev [°] | I1: Long Ev [°] | J1: Mw | M1: ID Est | N1: Est | O1: Lat Est [°] | P1: Long Est [°] | Q1: Vs30 [m/s] | R1: f0 [hz] | S1: Kappa (s)
F2: EV_1 | G2: 2012-03-03T11-1-47_Mw_5,6 | H2: -30.189 | I2: -71.448 | J2: 5.6 | M2: EST_1 | N2: GO04 | O2: -30.1727 | P2: -70.7993 | Q2: 405 | R2: 1.64 | S2: 0.048
F3: EV_2 | G3: 2012-04-01T7-31-36_Mw_5,2 | H3: -23.056 | I3: -69.316 | J3: 5.2 | M3: EST_2 | N3: PB06 | O3: -22.7058 | P3: -69.57188 | Q3: 736 | R3: 7.94 | S3: 0.006
F4: EV_3 | G4: 2014-03-16T21-16-29_Mw_6,7 | H4: -19.965 | I4: -70.814 | J4: 6.7 | M4: EST_3 | N4: T03A | O4: -20.23034 | P4: -70.14592 | Q4: 635 | R4: 7.01 | S4: 0.00081311349
F5: EV_4 | G5: 2015-09-17T1-41-5_Mw_6,5 | H5: -31.113 | I5: -71.651 | J5: 6.5 | M5: EST_4 | N5: T06A | O5: -20.2142 | P5: -70.13789 | Q5: 276 | R5: 1.67 | S5: 0.0011201274
F6: EV_5 | G6: 2015-09-17T10-12-53_Mw_5,3 | H6: -30.536 | I6: -71.632 | J6: 5.3 | M6: EST_5 | N6: C10O | O6: -30.23387 | P6: -71.08159 | Q6: 517 | R6: 6.5 | S6: 0.00082694466
F7: EV_6 | G7: 2015-09-17T10-31-25_Mw_5,0 | H7: -30.933 | I7: -71.459 | J7: 5 | M7: EST_6 | N7: C11O | O7: -30.696472 | P7: -70.958889 | Q7: 402 | R7: 3.22 | S7: 0.00096737706
F8: EV_7 | G8: 2015-09-17T12-58-8_Mw_4,9 | H8: -30.694 | I8: -71.559 | J8: 4.9 | M8: EST_7 | N8: T08A | O8: -20.27016 | P8: -70.09414 | Q8: 680 | R8: 14.35 | S8: 0.00069290703
F9: EV_8 | G9: 2015-09-17T13-32-26_Mw_6,0 | H9: -32.143 | I9: -72.173 | J9: 6 | M9: EST_8 | N9: C23O | O9: -31.783711 | P9: -70.969739 | Q9: 751 | R9: 2.1 | S9: 0.0010642617
F10: EV_9 | G10: 2015-09-17T16-46-23_Mw_5,0 | H10: -31.504 | I10: -71.737 | J10: 5 | M10: EST_9 | N10: C26O | O10: -30.25898 | P10: -71.49046 | Q10: 364 | R10: 1.87 | S10: 0.0010921889
F11: EV_10 | G11: 2015-09-17T16-52-20_Mw_5,3 | H11: -29.935 | I11: -71.961 | J11: 5.3 | M11: EST_10 | N11: C32O | O11: -30.854861 | P11: -70.707333 | Q11: 578 | R11: 6.51 | S11: 0.00082666084
F12: EV_11 | G12: 2015-09-17T16-8-9_Mw_5,3 | H12: -29.854 | I12: -70.485 | J12: 5.3 | M12: EST_11 | N12: R13M | O12: -33.215583 | P12: -70.766861 | Q12: 401 | R12: 1.31 | S12: 0.0011825331
F13: EV_12 | G13: 2015-09-17T17-32-20_Mw_4,8 | H13: -30.684 | I13: -71.614 | J13: 4.8 | M13: EST_12 | N13: V15A | O13: -32.914889 | P13: -71.232592 | Q13: 549 | R13: 5.72 | S13: 0.00085089009
... F71: EV_70 | G71: 2015-09-24T16-13-25_Mw_5,4 | H71: -30.705 | I71: -71.398 | J71: 5.4 | M71: EST_70 | N71: M10L | O71: -35.843056 | P71: -72.63 | Q71: 402 | R71: 5.4055556 | S71: 0.00086170131
F72: EV_71 | G72: 2015-09-24T7-14-44_Mw_4,8 | H72: -20.214 | I72: -69.15 | J72: 4.8 | M72: EST_71 | N72: T12A | O72: -20.07067 | P72: -69.21722 | Q72: 732 | R72: 10.01 | S72: −0.006
F73: EV_72 | G73: 2015-09-25T11-47-8_Mw_4,7 | H73: -31.561 | I73: -71.806 | J73: 4.7 | M73: EST_72 | N73: L02R | O73: -39.832194 | P73: -73.201028 | Q73: 229 | R73: 1.04 | S73: 0.0012450777
F74: EV_73 | G74: 2015-09-25T3-21-57_Mw_5,3 | H74: -20.91 | I74: -69.221 | J74: 5.3 | M74: EST_73 | N74: A04C | O74: -27.29958 | P74: -70.421317 | Q74: 534 | R74: 1.13 | S74: 0.0012222149
F75: EV_74 | G75: 2015-09-26T11-15-29_Mw_4,6 | H75: -31.828 | I75: -71.952 | J75: 4.6 | M75: EST_74 | N75: A06C | O75: -27.3494 | P75: -70.34776 | Q75: 483 | R75: 5.81 | S75: 0.00084792896
F76: EV_75 | G76: 2015-09-26T2-51-18_Mw_6,3 | H76: -30.794 | I76: -71.418 | J76: 6.3 | M76: EST_75 | N76: A28C | O76: -27.46644 | P76: -70.26543 | Q76: 522 | R76: 6.9 | S76: 0.0008159903
F77: EV_76 | G77: 2015-09-27T21-4-45_Mw_5,3 | H77: -31.669 | I77: -71.701 | J77: 5.3 | M77: EST_76 | N77: CO05 | O77: -29.91864 | P77: -71.23841 | Q77: 773 | R77: 0.92222222 | S77: 0.001278946
F78: EV_77 | G78: 2015-09-27T8-28-36_Mw_4,6 | H78: -30.732 | I78: -71.473 | J78: 4.6 | M78: EST_77 | N78: FAR1 | O78: -33.3377 | P78: -70.2994 | Q78: 681 | R78: 5.55 | S78: 0.019
F79: EV_78 | G79: 2015-09-28T15-28-4_Mw_6,0 | H79: -23.875 | I79: -67.121 | J79: 6 | M79: EST_78 | N79: A10F | O79: -25.41106 | P79: -70.48425 | Q79: 517 | R79: 6.5 | S79: 0.00082694466
F80: EV_79 | G80: 2015-09-30T18-21-17_Mw_4,7 | H80: -30.638 | I80: -71.722 | J80: 4.7 | M80: EST_79 | N80: A21F | O80: -25.40762 | P80: -70.48847 | Q80: 517 | R80: 6.5 | S80: 0.00082694466
F81: EV_80 | G81: 2015-09-30T2-0-3_Mw_4,9 | H81: -30.663 | I81: -71.724 | J81: 4.9 | M81: EST_80 | N81: PB02 | O81: -21.31973 | P81: -69.89603 | Q81: 746 | R81: 1.29 | S81: 0.0011866027
F82: EV_81 | G82: 2015-10-01T2-6-22_Mw_4,8 | H82: -30.719 | I82: -71.428 | J82: 4.8 | M82: EST_81 | N82: LMEL | O82: -33.8476 | P82: -70.2075 | Q82: 808 | R82: 5 | S82: 0.045
F83: EV_82 | G83: 2015-10-02T16-22-47_Mw_4,9 | H83: -30.579 | I83: -71.6 | J83: 4.9 | M83: EST_82 | N83: L05L | O83: -41.15378 | P83: -73.41754 | Q83: 255 | R83: 1.41 | S83: 0.0011632669
F84: EV_83 | G84: 2015-10-02T8-28-8_Mw_4,9 | H84: -36.488 | I84: -71.728 | J84: 4.9 | M84: EST_83 | N84: L09L | O84: -41.865269 | P84: -73.826139 | Q84: 182 | R84: 2.85 | S84: 0.00099410702
... F185: EV_184 | G185: 2016-02-10T0-33-4_Mw_6,4 | H185: -30.634 | I185: -71.649 | J185: 6.4 | M185: EST_184 | N185: LR04 | O185: -39.88019 | P185: -73.425822 | Q185: 457 | R185: 3.6 | S185: 0.00094357766
F186: EV_185 | G186: 2016-02-12T22-32-5_Mw_5,0 | H186: -19.943 | I186: -70.311 | J186: 5
F187: EV_186 | G187: 2014-04-03T5-34-33_Mw_4,6 | H187: -20.466 | I187: -70.573 | J187: 4.6
F188: EV_187 | G188: 2016-02-19T5-33-8_Mw_5,4 | H188: -30.587 | I188: -71.695 | J188: 5.4
F189: EV_188 | G189: 2016-02-20T18-23-1_Mw_4,9 | H189: -32.499 | I189: -70.013 | J189: 4.9
F190: EV_189 | G190: 2016-02-22T6-37-1_Mw_6,0 | H190: -30.488 | I190: -72.227 | J190: 6
F191: EV_190 | G191: 2012-11-13T3-11-25_Mw_5,1 | H191: -20.54 | I191: -69.03 | J191: 5.1
F192: EV_191 | G192: 2014-04-03T5-51-44_Mw_5,5 | H192: -20.756 | I192: -70.425 | J192: 5.5
F193: EV_192 | G193: 2016-02-24T17-2-4_Mw_4,7 | H193: -29.957 | I193: -71.663 | J193: 4.7
F194: EV_193 | G194: 2014-04-03T5-51-45_Mw_5,5 | H194: -20.769 | I194: -70.437 | J194: 5.5
F195: EV_194 | G195: 2016-02-24T19-10-1_Mw_4,7 | H195: -29.799 | I195: -71.478 | J195: 4.7
F196: EV_195 | G196: 2016-02-25T11-27-53_Mw_4,7 | H196: -30.772 | I196: -71.384 | J196: 4.7
F197: EV_196 | G197: 2016-02-25T15-35-7_Mw_5,3 | H197: -23.055 | I197: -69.045 | J197: 5.3
... F790: EV_789 | G790: 2015-09-17T0-6-18_Mw_5,3 | H790: -30.996 | I790: -71.478 | J790: 5.3

Sheet f0_a0
A1: Est | B1: f0 | C1: A0 | D1: f0_comp | E1: error
A2: A01C | B2: 9.8 | C2: 1.9097708 | D2: =_xlfn.XLOOKUP(A2,ESTACIONES!B:B,ESTACIONES!I:I,0,0,1) -> 4.9590909 | E2: =B2-D2 -> 4.8409091
A3: A03C | B3: 4.2725 | C3: 2.060802 | D3: =_xlfn.XLOOKUP(A3,ESTACIONES!B:B,ESTACIONES!I:I,0,0,1) -> 6.71 | E3: =B3-D3 -> -2.4375
A4: A04C | B4: 5.815 | C4: 2.3252025 | D4: =_xlfn.XLOOKUP(A4,ESTACIONES!B:B,ESTACIONES!I:I,0,0,1) -> 1.13 | E4: =B4-D4 -> 4.685
A5: A04P | B5: 20.49375 | C5: 3.4269529 | D5: =_xlfn.XLOOKUP(A5,ESTACIONES!B:B,ESTACIONES!I:I,0,0,1) -> 1.6 | E5: =B5-D5 -> 18.89375
A6: A05C | B6: 4.9125 | C6: 6.0209362 | D6: =_xlfn.XLOOKUP(A6,ESTACIONES!B:B,ESTACIONES!I:I,0,0,1) -> 6.3 | E6: =B6-D6 -> -1.3875
A7: A05P | B7: 2.015625 | C7: 2.495066 | D7: =_xlfn.XLOOKUP(A7,ESTACIONES!B:B,ESTACIONES!I:I,0,0,1) -> 1.2 | E7: =B7-D7 -> 0.815625
A8: A06C | B8: 14.085 | C8: 2.6768062 | D8: =_xlfn.XLOOKUP(A8,ESTACIONES!B:B,ESTACIONES!I:I,0,0,1) -> 5.81 | E8: =B8-D8 -> 8.275
A9: A06P | B9: 1.9142857 | C9: 2.7587909 | D9: =_xlfn.XLOOKUP(A9,ESTACIONES!B:B,ESTACIONES!I:I,0,0,1) -> 2.5 | E9: =B9-D9 -> -0.58571429
A10: A07C | B10: 2.5602941 | C10: 6.0324256 | D10: =_xlfn.XLOOKUP(A10,ESTACIONES!B:B,ESTACIONES!I:I,0,0,1) -> 2.51 | E10: =B10-D10 -> 0.050294118
A11: A07P | B11: 1.165 | C11: 2.6550997 | D11: =_xlfn.XLOOKUP(A11,ESTACIONES!B:B,ESTACIONES!I:I,0,0,1) -> 1.2 | E11: =B11-D11 -> -0.035
A12: A07Y | B12: 0.35 | C12: 5.886967 | D12: =_xlfn.XLOOKUP(A12,ESTACIONES!B:B,ESTACIONES!I:I,0,0,1) -> 0.33 | E12: =B12-D12 -> 0.02
A13: A08C | B13: 27.255 | C13: 2.1949899 | D13: =_xlfn.XLOOKUP(A13,ESTACIONES!B:B,ESTACIONES!I:I,0,0,1) -> 14.65 | E13: =B13-D13 -> 12.605
... A185: VA05 | B185: 2.3375 | C185: 3.1397551 | D185: =_xlfn.XLOOKUP(A185,ESTACIONES!B:B,ESTACIONES!I:I,0,0,1) -> 2.46 | E185: =B185-D185 -> -0.1225

Sheet Hoja1
A1: Station | B1: VS30 | C1: Latitude | D1: Longitude | E1: N | F1: distance | G1: k0 | H1: kR
A2: AP01 | B2: 355 | C2: −18.3708 | D2: −70.3419 | E2: 70 | F2: 293 | G2: 0.058 | H2: 1.923e-05
A3: PB12 | B3: 599 | C3: −18.6141 | D3: −70.3281 | E3: 89 | F3: 305 | G3: 0.051 | H3: −0.00006172
A4: PB13 | B4: 510 | C4: −18.3359 | D4: −69.5016 | E4: 17 | F4: 269 | G4: 0.057 | H4: −0.00000632
A5: T11A | B5: 346 | C5: −19.3124 | D5: −69.4273 | E5: 28 | F5: 400 | G5: 0.053 | H5: −0.00005335
A6: T10A | B6: 336 | C6: −19.9954 | D6: −69.767 | E6: 45 | F6: 400 | G6: 0.038 | H6: −0.00000874
A7: GO01 | B7: 973 | C7: −19.6685 | D7: −69.1942 | E7: 90 | F7: 316 | G7: 0.057 | H7: 0.00023215
A8: T09A | B8: 1584 | C8: −19.5957 | D8: −70.2109 | E8: 10 | F8: 169 | G8: 0.012 | H8: 0.00014141
A9: T12A | B9: 732 | C9: −20.0707 | D9: −69.2172 | E9: 13 | F9: 182 | G9: −0.006 | H9: 0.00033606
A10: TA01 | B10: 566 | C10: −20.5656 | D10: −70.1807 | E10: 83 | F10: 265 | G10: 0.067 | H10: −0.00012584
A11: T13A | B11: 378 | C11: −20.4963 | D11: −69.3375 | E11: 17 | F11: 228 | G11: 0.058 | H11: −0.00014154
A12: T07A | B12: 326 | C12: −20.2562 | D12: −69.7859 | E12: 50 | F12: 400 | G12: 0.058 | H12: −0.00000147
A13: T05A | B13: 1020 | C13: −20.2098 | D13: −70.1502 | E13: 20 | F13: 151 | G13: 0.025 | H13: 2.688e-05
A14: TA02 | B14: 489 | C14: −20.2704 | D14: −70.1311 | E14: 25 | F14: 254 | G14: 0.063 | H14: −0.00011208
A15: PB03 | B15: 711 | C15: −22.0485 | D15: −69.7531 | E15: 79 | F15: 309 | G15: 0.016 | H15: 8.188e-05
A16: PB06 | B16: 736 | C16: −22.7058 | D16: −69.5719 | E16: 77 | F16: 376 | G16: 0.006 | H16: 0.00014789
A17: PB05 | B17: 773 | C17: −22.8528 | D17: −70.2024 | E17: 39 | F17: 373 | G17: 0.009 | H17: 0.00011721
A18: PB15 | B18: 532 | C18: −23.2083 | D18: −69.4709 | E18: 38 | F18: 355 | G18: 0.012 | H18: 7.94e-05
A19: PB10 | B19: 790 | C19: −23.5134 | D19: −70.5541 | E19: 46 | F19: 400 | G19: 0.055 | H19: 3.221e-05
A20: GO02 | B20: 820 | C20: −25.1626 | D20: −69.5904 | E20: 11 | F20: 338 | G20: 0.064 | H20: −0.00000848
A21: GO03 | B21: 908 | C21: −27.5937 | D21: −70.2347 | E21: 18 | F21: 336 | G21: 0.033 | H21: −0.00001488
A22: TLL | B22: 1003 | C22: −30.1696 | D22: −70.8054 | E22: 15 | F22: 265 | G22: 0.021 | H22: 8.948e-05
A23: GO04 | B23: 405 | C23: −30.1727 | D23: −70.7993 | E23: 30 | F23: 295 | G23: 0.048 | H23: 8.616e-05
A24: CO03 | B24: 704 | C24: −30.8389 | D24: −70.6891 | E24: 7 | F24: 251 | G24: 0.005 | H24: 0.00017845
A25: VA03 | B25: 485 | C25: −32.7637 | D25: −70.5508 | E25: 11 | F25: 255 | G25: 0.052 | H25: 0.00010649
A26: ROC1 | B26: 1951 | C26: −32.9759 | D26: −71.0156 | E26: 51 | F26: 297 | G26: 0.047 | H26: 1.255e-05
A27: MT02 | B27: 923 | C27: −33.2591 | D27: −71.1377 | E27: 13 | F27: 289 | G27: 0.037 | H27: −0.00008515
A28: FAR1 | B28: 681 | C28: −33.3377 | D28: −70.2994 | E28: 28 | F28: 275 | G28: 0.019 | H28: 0.00011665
A29: LMEL | B29: 808 | C29: −33.8476 | D29: −70.2034 | E29: 30 | F29: 287 | G29: 0.045 | H29: 0.00011123
A30: MT05 | B30: 496 | C30: −33.3919 | D30: −70.7381 | E30: 11 | F30: 273 | G30: 0.076 | H30: −0.00012444
A31: ANTU | B31: 621 | C31: −33.5691 | D31: −70.6335 | E31: 31 | F31: 242 | G31: 0.036 | H31: 2.185e-05
A32: DG01 | B32: 298 | C32: −33.4563 | D32: −70.6624 | E32: 16 | F32: 269 | G32: 0.053 | H32: 2.272e-05
A33: BO02 | B33: 553 | C33: −34.7924 | D33: −70.7814 | E33: 10 | F33: 279 | G33: 0.073 | H33: −0.00006234
A34: GO05 | B34: 536 | C34: −35.0099 | D34: −71.9303 | E34: 31 | F34: 287 | G34: 0.066 | H34: −0.00010849
A35: CCH2 | B35: 403 | C35: −36.603 | D35: −72.0778 | E35: 37 | F35: 301 | G35: 0.073 | H35: 0.00010649
A36: BI03 | B36: 269 | C36: −36.8438 | D36: −73.0258 | E36: 9 | F36: 259 | G36: 0.0931 | H36: −0.00013426
A37: CCSP | B37: 236 | C37: −36.8442 | D37: −72.7112 | E37: 26 | F37: 229 | G37: 0.05 | H37: 7.511e-05

Sheet L y W
A1: id event | B1: L(km) | C1: W(km)
A2: 1 | B2: 5.564165 | C2: 5.8479008
A3: 2 | B3: 0 | C3: 0
A4: 3 | B4: 0 | C4: 0
A5: 4 | B5: 0 | C5: 0
A6: 5 | B6: #N/A | C6: #N/A
A7: 6 | B7: 0 | C7: 0
A8: 7 | B8: 30.352887 | C8: 19.453601
A9: 8 | B9: 30.352887 | C9: 19.453601
A10: 9 | B10: 30.352887 | C10: 19.453601
A11: 10 | B11: 0 | C11: 0
A12: 11 | B12: 9.7948999 | C12: 8.7297137
A13: 12 | B13: 26.025555 | C13: 13.409111
A14: 13 | B14: 26.025555 | C14: 13.409111
A15: 14 | B15: 11.282361 | C15: 9.6493931
A16: 15 | B16: 0 | C16: 0
A17: 16 | B17: 0 | C17: 0
A18: 17 | B18: 0 | C18: 0
... A29: 28 | B29: 0 | C29: 0
A30: 29 | B30: #N/A | C30: #N/A
A31: 30 | B31: #N/A | C31: #N/A
A32: 31 | B32: 0 | C32: 0
A33: 32 | B33: 0 | C33: 0
A34: 33 | B34: 0 | C34: 0
A35: 34 | B35: 26.351176 | C35: 17.599487
A36: 35 | B36: 0 | C36: 0
A37: 36 | B37: 0 | C37: 0
A38: 37 | B38: 0 | C38: 0
A39: 38 | B39: 0 | C39: 0
A40: 39 | B40: 0 | C40: 0
A41: 40 | B41: #N/A | C41: #N/A
A42: 41 | B42: 0 | C42: 0
A43: 42 | B43: 0 | C43: 0
A44: 43 | B44: 0 | C44: 0
A45: 44 | B45: 0 | C45: 0
A46: 45 | B46: 0 | C46: 0
A47: 46 | B47: 0 | C47: 0
A48: 47 | B48: 0 | C48: 0
A49: 48 | B49: 0 | C49: 0
A50: 49 | B50: 0 | C50: 0
A51: 50 | B51: 0 | C51: 0
A52: 51 | B52: #N/A | C52: #N/A
A53: 52 | B53: #N/A | C53: #N/A
A54: 53 | B54: #N/A | C54: #N/A
A55: 54 | B55: #N/A | C55: #N/A
A56: 55 | B56: 19.860949 | C56: 14.40456
A57: 56 | B57: 19.860949 | C57: 14.40456
A58: 57 | B58: 19.860949 | C58: 14.40456
A59: 58 | B59: 19.860949 | C59: 14.40456
A60: 59 | B60: 19.860949 | C60: 14.40456
A61: 60 | B61: 19.860949 | C61: 14.40456
A62: 61 | B62: 19.860949 | C62: 14.40456
A63: 62 | B63: 19.860949 | C63: 14.40456
A64: 63 | B64: 19.860949 | C64: 14.40456
A65: 64 | B65: 19.860949 | C65: 14.40456
A66: 65 | B66: 19.860949 | C66: 14.40456
A67: 66 | B67: 19.860949 | C67: 14.40456
... A69: 68 | B69: 0 | C69: 0
A70: 69 | B70: #N/A | C70: #N/A
A71: 70 | B71: #N/A | C71: #N/A
A72: 71 | B72: #N/A | C72: #N/A
A73: 72 | B73: #N/A | C73: #N/A
A74: 73 | B74: #N/A | C74: #N/A
A75: 74 | B75: #N/A | C75: #N/A
A76: 75 | B76: 0 | C76: 0
A77: 76 | B77: 0 | C77: 0
A78: 77 | B78: 0 | C78: 0
A79: 78 | B79: 0 | C79: 0
A80: 79 | B80: 0 | C80: 0
A81: 80 | B81: 0 | C81: 0
A82: 81 | B82: 0 | C82: 0
A83: 82 | B83: 0 | C83: 0
A84: 83 | B84: 0 | C84: 0
A85: 84 | B85: 0 | C85: 0
A86: 85 | B86: 0 | C86: 0
A87: 86 | B87: 0 | C87: 0
... A92: 91 | B92: 0 | C92: 0
A93: 92 | B93: #N/A | C93: #N/A
A94: 93 | B94: 0 | C94: 0
A95: 94 | B95: #N/A | C95: #N/A
A96: 95 | B96: 26.351176 | C96: 17.599487
A97: 96 | B97: 26.351176 | C97: 17.599487
A98: 97 | B98: 26.351176 | C98: 17.599487
A99: 98 | B99: 26.351176 | C99: 17.599487
A100: 99 | B100: 26.351176 | C100: 17.599487
A101: 100 | B101: 26.351176 | C101: 17.599487
A102: 101 | B102: 26.351176 | C102: 17.599487
A103: 102 | B103: 26.351176 | C103: 17.599487
A104: 103 | B104: 26.351176 | C104: 17.599487
A105: 104 | B105: 26.351176 | C105: 17.599487
A106: 105 | B106: 0 | C106: 0
A107: 106 | B107: #N/A | C107: #N/A
A108: 107 | B108: #N/A | C108: #N/A
A109: 108 | B109: 0 | C109: 0
A110: 109 | B110: 7.3824413 | C110: 7.1449633
A111: 110 | B111: 7.3824413 | C111: 7.1449633
A112: 111 | B112: 7.3824413 | C112: 7.1449633
A113: 112 | B113: 7.3824413 | C113: 7.1449633
A114: 113 | B114: 7.3824413 | C114: 7.1449633
A115: 114 | B115: 7.3824413 | C115: 7.1449633
...

Sheet Hoja3
